Job ID,Job URL,Job Title,Company Name,Status,Timestamp,WP ID
6c7c842527a6815e,https://ni.linkedin.com/jobs/view/payroll-specialist-ii-at-remitly-4425697835,Payroll Specialist II,Remitly,posted,2026-07-07T02:13:28.019436,20
a9462c8139d652be,https://ni.linkedin.com/jobs/view/janitor-at-concentrix-4425336163,Janitor,Concentrix,posted,2026-07-07T02:13:36.846338,22
efc79c816b74785c,https://ni.linkedin.com/jobs/view/dispatch-associate-at-ibex-4425859201,Dispatch Associate,,scraped,2026-07-07T02:13:39.652285,
d9bd06d4f4d57f11,https://ni.linkedin.com/jobs/view/cos-emergente-at-cbc-4433976550,COS EMERGENTE,cbc,posted,2026-07-07T02:14:00.656803,24
39a04b7df032e26d,https://ni.linkedin.com/jobs/view/recruiter-at-the-a-career-4436433503,Recruiter,,scraped,2026-07-07T02:14:03.281914,
b8fb9bd003c6781c,https://ni.linkedin.com/jobs/view/ejecutivo-pricing-ilg-nic-at-ilg-logistics-s-a-4433997146,Ejecutivo Pricing ILG NIC,,scraped,2026-07-07T02:15:38.703339,
2c16de33e0bc0703,https://ni.linkedin.com/jobs/view/talent-acquisition-manager-at-remitly-4423589069,Talent Acquisition Manager,,scraped,2026-07-07T02:16:49.817658,
b11b0ba5b840713a,https://ni.linkedin.com/jobs/view/loader-unloader-air-at-ups-4435402201,Loader/Unloader - Air,UPS,posted,2026-07-07T02:17:19.043767,26
7f31b00cd4b43175,https://ni.linkedin.com/jobs/view/bookkeeper-at-cs-outsource-4436003730,Bookkeeper,,scraped,2026-07-07T02:17:21.749254,
9434da3ba8dddcb3,https://ni.linkedin.com/jobs/view/analista-de-precios-at-cargill-4433136429,Analista de Precios,Cargill,posted,2026-07-07T02:20:06.872855,28
e56c9e9e33aaebde,https://ni.linkedin.com/jobs/view/%C3%BAnete-a-nuestro-equipo-comercial-at-pedidosya-4331956522,Únete a nuestro equipo comercial,,scraped,2026-07-07T02:20:09.484353,
2ecf6066a9e9a342,https://ni.linkedin.com/jobs/view/coordinador-de-categoria-proteinas-res-y-cerdo-nicaragua-at-walmart-de-m%C3%A9xico-y-centroam%C3%A9rica-4436348904,COORDINADOR DE CATEGORIA PROTEINAS (Res y Cerdo) Nicaragua,,scraped,2026-07-07T02:20:16.171851,
5c8c329a48e51b6d,https://ni.linkedin.com/jobs/view/asesor-de-ventas-at-grupo-q-4437118758,Asesor de Ventas,,scraped,2026-07-07T02:20:23.207468,
ad5e21971a45cfc3,https://ni.linkedin.com/jobs/view/executive-assistant-us-startup-at-scale-up-recruiting-partners-4435769920,Executive Assistant - US StartUp,Scale Up Recruiting Partners,posted,2026-07-07T02:20:40.710958,30
05a0e22d677b3b0f,https://ni.linkedin.com/jobs/view/asesor-de-ventas-at-grupo-q-4437122663,Asesor de Ventas,,scraped,2026-07-07T02:20:43.352154,
db9ce04c7e217ecf,https://ni.linkedin.com/jobs/view/spanish-ai-trainer-remote-at-yo-it-consulting-4435284885,Spanish Ai Trainer - Remote,,scraped,2026-07-07T02:20:50.709921,
bbdb0da149de73f0,https://ni.linkedin.com/jobs/view/asistente-contenido-audiovisual-at-hd-media-nicaragua-4437404949,Asistente Contenido audiovisual,,scraped,2026-07-07T02:22:00.827066,
1ac4cacddd40c987,https://ni.linkedin.com/jobs/view/vice-gerente-de-taller-de-carrocer%C3%ADa-grupo-casa-pellas-at-trascenda-consulting-4437471290,Vice Gerente de Taller de Carrocería - Grupo Casa Pellas,,scraped,2026-07-07T02:22:09.782492,
5933fd3dd6ef1ebd,https://ni.linkedin.com/jobs/view/actualizaci%C3%B3n-de-protocolos-de-atenci%C3%B3n-psicosocial-en-albergues-y-casas-solidarias-protecci%C3%B3n-de-ni%C3%B1os-ni%C3%B1as-y-adolescentes-nicaragua-managua-remoto-12-mesas-%23594102-at-unicef-chad-4431585010,"Actualización de Protocolos de Atención Psicosocial en Albergues y Casas Solidarias, Protección de Niños, Niñas y Adolescentes, Nicaragua, Managua, Remoto, 12 mesas, #594102",Unicef CHAD,posted,2026-07-07T02:22:27.724193,32
7135d07994dae3eb,https://ni.linkedin.com/jobs/view/ejecutivo-de-tarjetas-vip-at-grupo-lafise-4436369641,Ejecutivo de Tarjetas VIP,,scraped,2026-07-07T02:22:30.396031,
4f07e2d68f0e0213,https://ni.linkedin.com/jobs/view/ingeniero-manufactura-senior-at-walmart-centroam%C3%A9rica-4436416734,Ingeniero Manufactura Senior,,scraped,2026-07-07T02:22:53.891945,
041247c69f55b211,https://ni.linkedin.com/jobs/view/virtual-assistant-at-cs-outsource-4436004560,Virtual Assistant,,scraped,2026-07-07T02:23:00.316467,
2f22f45064fdf5fb,https://ni.linkedin.com/jobs/view/human-resources-analyst-at-the-a-career-4436431767,Human Resources Analyst,,scraped,2026-07-07T02:23:20.380607,
5b1d69c2f8b4eb79,https://ni.linkedin.com/jobs/view/auxiliar-mantenimien-at-gildan-4418043000,"Auxiliar, Mantenimien",,scraped,2026-07-07T02:23:38.584110,
821abaee39b89374,https://ni.linkedin.com/jobs/view/website-front-end-specialist-at-sago-4437471922,Website & Front-End Specialist,,scraped,2026-07-07T02:23:45.614859,
efd4476df09ac504,https://ni.linkedin.com/jobs/view/convocatoria-para-expresiones-de-inter%C3%A9s-lista-de-pre-seleccionados-roster-para-consultor%C3%ADas-en-el-%C3%A1rea-de-protecci%C3%B3n-de-la-ni%C3%B1ez-nicaragua-at-unicef-4436791906,"Convocatoria para expresiones de interés: Lista de Pre-seleccionados (Roster) para Consultorías en el área de Protección de la Niñez, Nicaragua",UNICEF,posted,2026-07-07T02:24:18.796771,34
5aae2db0801df7be,https://ni.linkedin.com/jobs/view/productor-creativo-at-grupo-comercial-de-comunicaciones-4437456166,Productor creativo,,scraped,2026-07-07T02:24:21.387232,
32b82f586c8763a4,https://ni.linkedin.com/jobs/view/asistente-contable-nicaragua-at-ey-4434375821,Asistente contable Nicaragua,EY,posted,2026-07-07T02:24:37.424760,36
57426c2e74a266b0,https://ni.linkedin.com/jobs/view/asistente-contable-at-ey-4437464799,Asistente contable,EY,posted,2026-07-07T02:24:47.970826,38
17b198fb0255e1bb,https://ni.linkedin.com/jobs/view/retail-marketing-specialist-at-colgate-palmolive-4417185821,Retail Marketing Specialist,Colgate-Palmolive,posted,2026-07-07T02:25:19.598984,40
d42e31ad036d04ce,https://ni.linkedin.com/jobs/view/desarrollador-a-de-cuentas-costa-caribe-at-holcim-nicaragua-4427053840,Desarrollador/a de cuentas (Costa Caribe),,scraped,2026-07-07T02:25:22.313343,
ab44bdaf51e791f7,https://ni.linkedin.com/jobs/view/oficial-de-cobranza-administrativa-consumo-at-grupo-lafise-4436419698,Oficial de Cobranza Administrativa Consumo,,scraped,2026-07-07T02:25:29.510891,
b4f938c28e110cca,https://ni.linkedin.com/jobs/view/ejecutivo-de-atenci%C3%B3n-al-cliente-jr-seguros-managua-at-grupo-ficohsa-hn-4427110980,Ejecutivo de Atención al Cliente Jr (Seguros) - Managua,Grupo Ficohsa HN,posted,2026-07-07T02:25:55.454775,42
f65d571cef40df91,https://ni.linkedin.com/jobs/view/asociado-de-comunicaci%C3%B3n-y-gesti%C3%B3n-comunitaria-ii-at-compassion-international-4435294652,Asociado de Comunicación y Gestión Comunitaria II,,scraped,2026-07-07T02:25:58.266689,
c64c5f0770f8d24b,https://ni.linkedin.com/jobs/view/asistente-de-calidad-panaderia-at-la-colonia-4437460546,ASISTENTE DE CALIDAD - PANADERIA,,scraped,2026-07-07T02:26:15.413703,
f1a7be93f39fb4a8,https://ni.linkedin.com/jobs/view/sustainable-energy-experts-at-ntu-international-a-s-4437122363,Sustainable Energy Experts,,scraped,2026-07-07T02:26:21.876583,
cb41c14552f48fcd,https://ni.linkedin.com/jobs/view/health-experts-at-ntu-international-a-s-4437188222,Health Experts,,scraped,2026-07-07T02:26:29.183535,
65853f323f2e6138,https://ni.linkedin.com/jobs/view/coordinador-de-exportaciones-y-flota-interna-at-ecom-agroindustrial-corp-ltd-4436241180,Coordinador de Exportaciones y Flota Interna,,scraped,2026-07-07T02:26:36.108140,
74a49db2681c1c7f,https://ni.linkedin.com/jobs/view/legal-client-intake-specialist-client-success-manager-at-bluebook-helpers-4436246399,Legal Client Intake Specialist / Client Success Manager,Bluebook Helpers,posted,2026-07-07T02:26:50.339012,44
3b378078b943f2ca,https://ni.linkedin.com/jobs/view/virtual-medical-receptionist-medical-administrative-assistant-english-spanish-at-staffing-for-doctors-4432794776,Virtual Medical Receptionist Medical Administrative Assistant (English&Spanish),Staffing For Doctors,posted,2026-07-07T02:27:01.740991,46
6881fd88cfde1f1a,https://ni.linkedin.com/jobs/view/sales-executive-at-pedidosya-4416176654,Sales Executive,,scraped,2026-07-07T02:27:04.360761,
a62292d139c11e0c,https://ni.linkedin.com/jobs/view/paralegal-assistant-personal-injury-at-oremota-4437482746,Paralegal Assistant Personal Injury,Oremota,posted,2026-07-07T02:27:21.087284,48
7b033e03a9d73b59,https://ni.linkedin.com/jobs/view/pr%C3%A1cticas-profesionales-en-gildan-at-gildan-4427914283,Prácticas Profesionales en Gildan,,scraped,2026-07-07T02:27:23.641012,
0e4c924a456d7239,https://ni.linkedin.com/jobs/view/virtual-medical-receptionist-medical-administrative-assistant-bilingual-at-staffing-for-doctors-4432795669,Virtual Medical Receptionist / Medical Administrative Assistant (Bilingual),,scraped,2026-07-07T02:27:30.729319,
93790a5446ef6f46,https://ni.linkedin.com/jobs/view/jefe-de-mantenimiento-at-alpla-group-4436178221,Jefe de Mantenimiento,,scraped,2026-07-07T02:27:42.782734,
807cf08c2199f8ce,https://ni.linkedin.com/jobs/view/dental-admin-assistant-bil-at-medvirtual-4327664586,Dental Admin Assistant (BIL),,scraped,2026-07-07T02:27:49.980334,
c4c57cfafecbd716,https://ni.linkedin.com/jobs/view/global-governance-and-security-experts-at-ntu-international-a-s-4437411130,Global Governance and Security Experts,,scraped,2026-07-07T02:28:03.077412,
fe803700b25de126,https://ni.linkedin.com/jobs/view/marketing-specialist-at-cs-outsource-4436239825,Marketing Specialist,,scraped,2026-07-07T02:28:10.197159,
f2a412ecfac8db74,https://ni.linkedin.com/jobs/view/litigation-paralegal-at-staffscout-4435400982,Litigation Paralegal,,scraped,2026-07-07T02:28:18.367499,
b8d860d85cc504bd,https://ni.linkedin.com/jobs/view/loader-unloader-air-at-ups-4435281958,Loader/Unloader - Air,UPS,scraped,2026-07-07T02:28:52.705163,
8f7ae43e249c3856,https://ni.linkedin.com/jobs/view/especialista-s%C3%AAnior-de-sucesso-do-cliente-at-confidential-4436130292,Especialista Sênior de Sucesso do Cliente,Confidential,posted,2026-07-07T02:29:04.544418,50
db7e5a0cc0fdaa75,https://ni.linkedin.com/jobs/view/critical-raw-materials-experts-at-ntu-international-a-s-4437121447,Critical Raw Materials Experts,,scraped,2026-07-07T02:29:07.126491,
220bf93ec4cfa254,https://ni.linkedin.com/jobs/view/asistencia-a-ventas-at-retired-4437488302,Asistencia a ventas,,scraped,2026-07-07T02:29:14.273338,
d48cc6caa095dbe3,https://ni.linkedin.com/jobs/view/mgr-facility-operations-at-the-church-of-jesus-christ-of-latter-day-saints-4435216551,"Mgr, Facility Operations",The Church of Jesus Christ of Latter-day Saints,posted,2026-07-07T02:31:58.749572,52
1b927fe0105d16e3,https://ni.linkedin.com/jobs/view/private-sector-engagement-and-investment-promotion-experts-at-ntu-international-a-s-4436744272,Private Sector Engagement and Investment Promotion Experts,,scraped,2026-07-07T02:32:01.653694,
fab7524bc0cb4cbe,https://ni.linkedin.com/jobs/view/full-stack-developer-python-at-perform-4398406355,Full Stack Developer (Python),,scraped,2026-07-07T02:33:12.836368,
994b7aa2318f301c,https://ni.linkedin.com/jobs/view/sustainable-finance-experts-at-ntu-international-a-s-4436758275,Sustainable Finance Experts,,scraped,2026-07-07T02:33:27.162527,
d4f07f0feee91b88,https://ni.linkedin.com/jobs/view/operador-a-iqf-congelados-%C2%BF-masaya-1-at-cargill-4414821546,Operador (a) IQF (Congelados(¿) - Masaya) 1,Cargill,posted,2026-07-07T02:33:45.289781,54
90a4cbc4bb925f3f,https://ni.linkedin.com/jobs/view/operario-a-de-producci%C3%B3n-iqf-masaya-at-cargill-4414808700,Operario(a) de Producción IQF - Masaya,Cargill,posted,2026-07-07T02:35:04.521301,56
f5b97539d79869c1,https://ni.linkedin.com/jobs/view/tecnico-de-mantenimiento-sr-masaya-at-cargill-4436772090,Tecnico de Mantenimiento Sr. - Masaya,Cargill,posted,2026-07-07T02:35:21.451428,58
dcc8f3bab471a0a8,https://ni.linkedin.com/jobs/view/analista-de-impuestos-9007-48585-at-grupo-ficohsa-hn-4427660655,ANALISTA DE IMPUESTOS (9007)(48585),Grupo Ficohsa HN,posted,2026-07-07T02:35:31.510408,60
2abb5a532db10d27,https://ni.linkedin.com/jobs/view/senior-program-manager-outsourced-operations-at-remitly-4426715634,"Senior Program Manager, Outsourced Operations",,scraped,2026-07-07T02:35:34.121362,
1e6b9541bc7b15eb,https://ni.linkedin.com/jobs/view/consultor-a-senior-%E2%80%93-ai-engineering-genai-llms-at-deloitte-4435181714,Consultor(a) Senior – AI Engineering (GenAI / LLMs),Deloitte,posted,2026-07-07T02:35:49.579788,62
7039c2feff82ea3f,https://ni.linkedin.com/jobs/view/supervisor-salud-y-seguridad-at-gildan-4427558664,"Supervisor, Salud y Seguridad",,scraped,2026-07-07T02:35:52.259076,
e59957d5e2ebd83f,https://ni.linkedin.com/jobs/view/coordinador-a-de-servicio-al-cliente-at-cargill-4435184152,Coordinador(a) de Servicio al Cliente,Cargill,posted,2026-07-07T02:36:11.214910,64
012fc31359e87f25,https://ni.linkedin.com/jobs/view/mecanico-industrial-at-cbc-4433132466,MECANICO INDUSTRIAL,cbc,posted,2026-07-07T02:36:23.187768,66
598ede4eeea549dc,https://ni.linkedin.com/jobs/view/mecanico-automotriz-at-grupo-q-4437122664,Mecanico Automotriz,,scraped,2026-07-07T02:36:25.875100,
07209852ee571107,https://ni.linkedin.com/jobs/view/senior-accountant-order-to-cash-accounting-at-remitly-4421236549,"Senior Accountant, Order to Cash Accounting",,scraped,2026-07-07T02:36:33.464202,
e721b5b66b338d6f,https://ni.linkedin.com/jobs/view/ejecutivo-de-negocios-de-banca-de-personas-at-grupo-lafise-4436434727,Ejecutivo de Negocios de Banca de Personas,Grupo LAFISE,posted,2026-07-07T02:37:11.859679,68
d2a79de875e81ab1,https://ni.linkedin.com/jobs/view/abogado-interno-de-cumplimiento-pla-ft-fp-at-grupo-lafise-4436424956,Abogado interno de cumplimiento PLA/FT/FP,,scraped,2026-07-07T02:37:14.605818,
20610f04178bbba9,https://ni.linkedin.com/jobs/view/asesor-de-ventas-at-grupo-q-4437125587,Asesor de Ventas,,scraped,2026-07-07T02:38:19.531011,
153ccdefdc9291b9,https://ni.linkedin.com/jobs/view/full-stack-developer-net-developer-at-perform-4398408340,Full Stack Developer (.NET Developer),,scraped,2026-07-07T02:39:30.354771,
9bbd03f0e991f126,https://ni.linkedin.com/jobs/view/operario-de-call-center-medico-coordinador-de-asistencia-medica-mawdy-at-mapfre-4436149399,OPERARIO DE CALL CENTER MEDICO (COORDINADOR DE ASISTENCIA MEDICA) - MAWDY,,scraped,2026-07-07T12:18:01.873579,
ff820b78fc638295,https://ni.linkedin.com/jobs/view/executive-assistant-us-startup-at-scale-up-recruiting-partners-4435778509,Executive Assistant - US StartUp,Scale Up Recruiting Partners,posted,2026-07-07T12:18:15.224076,30
2abf477cd4ffc58b,https://ni.linkedin.com/jobs/view/executive-assistant-at-workbetternow-4437416539,Executive Assistant,WorkBetterNow,posted,2026-07-07T12:18:23.738539,70
c2f83fbf01ad4f23,https://ni.linkedin.com/jobs/view/marketing-assistant-bil-at-medvirtual-4378620216,Marketing Assistant (BIL),MedVirtual,posted,2026-07-07T12:18:43.259019,72
4dd8ea96941a8952,https://ni.linkedin.com/jobs/view/trainer-remote-at-viva-talent-4437400698,Trainer (Remote),Viva Talent,posted,2026-07-07T12:18:51.292072,74
b27c91cf3c26647e,https://ni.linkedin.com/jobs/view/inspector-de-control-de-calidad-at-qima-4418972477,Inspector de Control de Calidad,,scraped,2026-07-07T12:19:05.846407,
2e0e446819210fdb,https://ni.linkedin.com/jobs/view/gerente-de-sucursal-at-grupo-lafise-4436130450,Gerente de Sucursal,Grupo LAFISE,posted,2026-07-07T12:19:20.412157,76
73d6dc46abb5d2be,https://ni.linkedin.com/jobs/view/remote-bilingual-medical-receptionist-spanish-english-at-vital-virtuals-global-hr-solutions-4436037454,Remote Bilingual Medical Receptionist (Spanish/English),Vital Virtuals Global HR Solutions,posted,2026-07-07T12:19:28.882564,78
c02eb7af1b31f226,https://ni.linkedin.com/jobs/view/client-services-director-4435030468,Client Services Director,ARCHA LAW P.C.,posted,2026-07-07T12:19:38.019776,80
1701f7f6cc99f394,https://ni.linkedin.com/jobs/view/virtual-executive-assistant-remote-at-viva-talent-4437429278,Virtual Executive Assistant (Remote),Viva Talent,posted,2026-07-07T12:19:46.363098,82
d8b16f8df83ebe4c,https://ni.linkedin.com/jobs/view/representante-visitador-m%C3%A9dico-at-empresa-confidencial-4434645288,Representante visitador médico,Empresa Confidencial,posted,2026-07-07T12:19:56.353284,84
0aa6e7d9b22cd6eb,https://ni.linkedin.com/jobs/view/consultor-superior-at-ncbt%E2%84%A2-partner-4437455670,Consultor superior,,scraped,2026-07-07T12:19:59.005171,
de58f97bd4a9e4f5,https://ni.linkedin.com/jobs/view/senior-marketing-analyst-strategy-analytics-at-toptal-4437466205,"Senior Marketing Analyst, Strategy & Analytics",Toptal,posted,2026-07-07T12:20:16.644599,86
0c03b5cacf86dfb7,https://ni.linkedin.com/jobs/view/salesforce-developer-agentforce-at-myth-selection-4432789166,Salesforce Developer - Agentforce,MYTH Selection,posted,2026-07-07T12:20:29.894992,88
3cae2f02f2b78337,https://ni.linkedin.com/jobs/view/full-time-inbound-sales-closer-at-express-chipping-inc-4436970561,Full-Time Inbound Sales Closer,"Express Chipping, Inc.",posted,2026-07-07T12:20:39.907082,90
15703957f55acbd3,https://ni.linkedin.com/jobs/view/voice-speech-ai-expert-ai-community-4436753418,Voice & Speech AI Expert (AI Community),TELUS International AI Data Solutions,posted,2026-07-07T12:20:47.805646,92
636cfb89e0360258,https://ni.linkedin.com/jobs/view/machine-learning-expert-ai-community-4436752424,Machine Learning Expert (AI Community),TELUS International AI Data Solutions,posted,2026-07-07T12:20:56.330354,94
2214be36a27158d4,https://ni.linkedin.com/jobs/view/clinical-medical-ai-expert-ai-community-4436738870,Clinical & Medical AI Expert (AI Community),TELUS International AI Data Solutions,posted,2026-07-07T12:21:03.580914,96
08912ab3dd9686b5,https://ni.linkedin.com/jobs/view/administrative-assistant-at-careers-at-scale-up-staffing-4408152786,Administrative Assistant,Careers at Scale Up Staffing,posted,2026-07-07T12:21:13.541886,98
8b46b849a53fc249,https://ni.linkedin.com/jobs/view/adminstrative-assistant-at-the-church-of-jesus-christ-of-latter-day-saints-4435217519,Adminstrative Assistant,The Church of Jesus Christ of Latter-day Saints,posted,2026-07-07T12:21:21.371310,100
b27f9fbdd24ecab0,https://ni.linkedin.com/jobs/view/ejecutivo-a-post-venta-para-empresa-de-servicios-at-conversando-gr-4437441182,Ejecutivo/a Post Venta para Empresa de Servicios,Conversando Gr,posted,2026-07-07T12:21:34.268281,102
e8c51ed8b857219a,https://ni.linkedin.com/jobs/view/consultor-a-senior-sap-wms-%E2%80%93-it-business-partner-solution-architect-ingl%C3%A9s-c1-%E2%80%93-remoto-internacional-nicaragua-at-sapindex-4436799107,Consultor/a Senior SAP WMS – IT Business Partner / Solution Architect - Inglés C1 – Remoto Internacional - Nicaragua,,scraped,2026-07-07T12:21:36.964721,
aa600751fe123178,https://ni.linkedin.com/jobs/view/operario-a-de-producci%C3%B3n-iqf-masaya-at-cargill-4418638225,Operario(a) de Producción IQF - Masaya,Cargill,posted,2026-07-07T12:22:05.401145,104
4059d33dbc3273eb,https://ni.linkedin.com/jobs/view/operario-a-de-producci%C3%B3n-masaya-at-cargill-4418161887,Operario(a) de Producción - Masaya,Cargill,posted,2026-07-07T12:22:19.051610,106
e9568c5cfbeee6d7,https://ni.linkedin.com/jobs/view/supervisor-a-de-mantenimiento-en-refrigeraci%C3%B3n-industrial-con-amoniaco-at-cargill-4405115084,Supervisor(a) de Mantenimiento en refrigeración industrial con amoniaco,Cargill,posted,2026-07-07T12:22:44.289632,108
7ba2612dd0300fcb,https://ni.linkedin.com/jobs/view/asesor-legal-cumplimiento-11799-48720-at-grupo-ficohsa-hn-4429158777,ASESOR LEGAL CUMPLIMIENTO (11799) - 48720,Grupo Ficohsa HN,posted,2026-07-07T12:22:58.381062,110
c59842a4685bbf88,https://ni.linkedin.com/jobs/view/loader-unloader-air-at-ups-4435405000,Loader/Unloader - Air,UPS,posted,2026-07-07T12:23:17.496063,26
a1c3d9f3f5152d2f,https://ni.linkedin.com/jobs/view/transaction-coordinator-at-cs-outsource-4436836834,Transaction Coordinator,CS Outsource,posted,2026-07-07T20:33:05.613970,112
c0d7a49a2023a916,https://ni.linkedin.com/jobs/view/litigation-case-manager-california-employment-law-at-bluebook-helpers-4436596948,Litigation Case Manager - California Employment Law,Bluebook Helpers,posted,2026-07-07T20:33:13.762236,114
b835dc7dbd420b8f,https://ni.linkedin.com/jobs/view/tech-recruiter-remote-work-at-bairesdev-4436839292,Tech Recruiter - Remote Work,BairesDev,posted,2026-07-07T20:33:21.400096,116
a5847917e4f0fc1e,https://ni.linkedin.com/jobs/view/hiring-journey-analyst-remote-work-at-bairesdev-4436815472,Hiring Journey Analyst - Remote Work,BairesDev,posted,2026-07-07T20:33:29.875405,118
47152eae7053ce49,https://ni.linkedin.com/jobs/view/agent-customs-evaluator-at-dhl-express-4437883055,Agent Customs Evaluator,DHL Express,posted,2026-07-07T20:33:42.205647,120
60ff5c8275560358,https://ni.linkedin.com/jobs/view/join-our-tobacco-talent-pool-at-scandinavian-tobacco-group-4388511331,Join our Tobacco Talent Pool,,scraped,2026-07-07T20:33:46.600462,
6556add928ae2a71,https://ni.linkedin.com/jobs/view/especialista-de-aseguramiento-de-la-calidad-at-ac-talentos-4436268467,Especialista de Aseguramiento de la Calidad,AC Talentos,posted,2026-07-07T20:33:59.400037,122
1949cf84f3d8c52e,https://ni.linkedin.com/jobs/view/supervisor-de-operaciones-estaciones-at-uno-centroam%C3%A9rica-4436855209,SUPERVISOR DE OPERACIONES ESTACIONES,,scraped,2026-07-07T20:34:02.025922,
5c6afce1b9fd6ed2,https://ni.linkedin.com/jobs/view/auxiliar-de-exportaciones-at-dhl-express-4432436728,Auxiliar de Exportaciones,DHL Express,posted,2026-07-07T20:34:16.607282,124
69434a174a1c0130,https://ni.linkedin.com/jobs/view/contador-general-at-nexus-hr-costa-rica-4434556642,Contador General,,scraped,2026-07-07T20:34:23.319427,
8332083e21b8323d,https://ni.linkedin.com/jobs/view/creador-de-contenido-at-cccp-mccann-nicaragua-4437738342,Creador de contenido,CCCP-McCANN Nicaragua,posted,2026-07-07T20:34:43.232419,126
2ead607b3b228c9a,https://ni.linkedin.com/jobs/view/auxiliar-de-planta-at-cbc-4433980554,AUXILIAR DE PLANTA,cbc,posted,2026-07-07T20:34:54.853747,128
e1956a2078389063,https://ni.linkedin.com/jobs/view/sales-bdr-b2b-at-teamswell-4437425928,Sales BDR (B2B),Teamswell,posted,2026-07-07T20:35:02.359871,130
d58f16ae57f8b21a,https://ni.linkedin.com/jobs/view/ejecutivo-de-cobranza-gesti%C3%B3n-administrativa-y-atenci%C3%B3n-al-cliente-nicaragua-at-grupo-ficohsa-hn-4426367983,Ejecutivo de Cobranza (Gestión Administrativa y Atención al Cliente) - Nicaragua,Grupo Ficohsa HN,posted,2026-07-07T20:35:14.613559,132
44dba93406243617,https://ni.linkedin.com/jobs/view/t%C3%A9cnico-de-mantenimiento-at-l%C3%A1cteos-nicarao-4437126811,Técnico de mantenimiento,Lácteos Nicarao,posted,2026-07-07T20:35:26.139486,134
bc51e81ccee67ad5,https://ni.linkedin.com/jobs/view/digitador-punto-america-12483-48146-at-grupo-ficohsa-hn-4418973787,DIGITADOR PUNTO AMERICA (12483) - 48146,Grupo Ficohsa HN,posted,2026-07-07T20:35:37.120565,136
f0dadf93ba9bacf1,https://ni.linkedin.com/jobs/view/gerente-de-operaciones-industrias-carnicas-integradas-at-walmart-4435800970,GERENTE DE OPERACIONES (INDUSTRIAS CARNICAS INTEGRADAS),Walmart,posted,2026-07-07T20:35:52.200453,138
1287ccde7b1159d5,https://ni.linkedin.com/jobs/view/ejecutivo-de-reclamos-patrimoniales-at-castro-cuadra-c%C3%ADa-ltda-4436766300,Ejecutivo de Reclamos Patrimoniales,Castro Cuadra & Cía. Ltda.,posted,2026-07-07T20:36:02.783333,140
af3f3154874921f0,https://ni.linkedin.com/jobs/view/l%C3%ADder-de-pqr-y-calidad-at-dichter-neira-4437817650,Líder de PQR y calidad,,scraped,2026-07-07T20:36:07.423436,
87b2a306f9e55198,https://ni.linkedin.com/jobs/view/virtual-executive-assistant-remote-at-viva-talent-4437825130,Virtual Executive Assistant (Remote),Viva Talent,posted,2026-07-07T20:36:22.804419,82
8f55b4e68943cbec,https://ni.linkedin.com/jobs/view/soporte-t%C3%A9cnico-de-arroz-malacatoya-nicaragua-el-colono-agropecuario-at-grupo-colono-4435713455,Soporte Técnico de Arroz- Malacatoya  - Nicaragua - El Colono Agropecuario,Grupo Colono,posted,2026-07-07T20:36:33.387777,142
eaa3acad7a96aee2,https://ni.linkedin.com/jobs/view/fullstack-developer-senior-python-django-%2B-react-remote-latin-america-at-bluelight-4437853921,"Fullstack Developer (Senior) - Python (Django) + React - Remote, Latin America",Bluelight,posted,2026-07-07T20:36:52.850588,144
a56c2a648cac8456,https://ni.linkedin.com/jobs/view/convocatoria-para-expresiones-de-inter%C3%A9s-lista-de-pre-seleccionados-roster-para-consultor%C3%ADas-en-el-%C3%A1rea-de-protecci%C3%B3n-de-la-ni%C3%B1ez-nicaragua-at-unicef-chad-4433729731,"Convocatoria para expresiones de interés: Lista de Pre-seleccionados (Roster) para Consultorías en el área de Protección de la Niñez, Nicaragua",Unicef CHAD,posted,2026-07-07T20:37:09.375351,146
6b3d36effb6e1383,https://ni.linkedin.com/jobs/view/agriculture-farming-logic-specialist-intermediate-ai-community-4436750406,Agriculture & Farming Logic Specialist - Intermediate (AI Community),TELUS International AI Data Solutions,posted,2026-07-07T20:37:21.226472,148
0139235c50788916,https://ni.linkedin.com/jobs/view/mecanico-a-at-gildan-4427636980,Mecanico A,,scraped,2026-07-07T20:37:37.827258,
a4885c4e8e39b0f6,https://ni.linkedin.com/jobs/view/responsable-de-higiene-y-seguridad-at-arch-latam-4436102702,RESPONSABLE DE HIGIENE Y SEGURIDAD,ARCH LATAM,posted,2026-07-07T20:37:54.252199,150
88b3517db297ba35,https://ni.linkedin.com/jobs/view/climate-change-and-circular-economy-experts-at-ntu-international-a-s-4437135577,Climate Change and Circular Economy Experts,,scraped,2026-07-07T20:37:56.928756,
9c3f491efb7b014d,https://ni.linkedin.com/jobs/view/coordinador-operativos-de-agencias-at-empresa-confidencial-4435272404,Coordinador Operativos de Agencias,Empresa Confidencial,posted,2026-07-07T20:38:12.324968,152
6d74e1108b4f8967,https://ni.linkedin.com/jobs/view/operations-assistant-at-cs-outsource-4435265129,Operations Assistant,CS Outsource,posted,2026-07-07T20:38:23.628000,154
10129539d837db21,https://ni.linkedin.com/jobs/view/senior-security-consultant-at-scale-up-recruiting-partners-4436525568,Senior Security Consultant,Scale Up Recruiting Partners,posted,2026-07-07T20:38:41.728934,156
6dc61d26d8863026,https://ni.linkedin.com/jobs/view/digital-experts-at-ntu-international-a-s-4437162389,Digital Experts,,scraped,2026-07-07T20:38:50.320033,
08ddf1a186514960,https://ni.linkedin.com/jobs/view/loader-unloader-air-at-ups-4435429037,Loader/Unloader - Air,UPS,posted,2026-07-07T20:39:00.583273,26
0486bfca36d3f7d1,https://ni.linkedin.com/jobs/view/senior-grc-consultant-at-scale-up-recruiting-partners-4436530335,Senior GRC Consultant,Scale Up Recruiting Partners,posted,2026-07-07T20:39:15.077645,158
57e15fd4abeee2d4,https://ni.linkedin.com/jobs/view/full-stack-developer-react-redux-at-perform-4384080779,Full Stack Developer (React/Redux),Perform,posted,2026-07-07T20:39:29.091762,160
67d8857180b9d99a,https://ni.linkedin.com/jobs/view/accountant-at-remitly-4436411869,Accountant,Remitly,posted,2026-07-07T20:39:44.061808,162
274337e490ebeae4,https://ni.linkedin.com/jobs/view/instructor-gildan-rivas-%233-at-gildan-4418038144,Instructor Gildan Rivas #3,,scraped,2026-07-07T20:39:46.517337,
860e4eadcb4b64c9,https://ni.linkedin.com/jobs/view/escalations-representative-at-opticall-bpo-4435494118,Escalations Representative,Opticall BPO,posted,2026-07-07T20:40:02.868577,164
b2f69e7f233c03cb,https://ni.linkedin.com/jobs/view/tecnico-de-mantenimiento-at-concentrix-4436423425,Tecnico de mantenimiento,Concentrix,posted,2026-07-07T20:40:07.604639,134
f01fa1803ee56fcf,https://ni.linkedin.com/jobs/view/senior-recruiter-remote-work-at-bairesdev-4436842095,Senior Recruiter - Remote Work,BairesDev,posted,2026-07-07T20:40:16.998494,166
7e7d134ae15758dc,https://ni.linkedin.com/jobs/view/consultor-a-senior-sap-pm-%E2%80%93-it-business-partner-solution-architect-ingl%C3%A9s-c1-%E2%80%93-remoto-internacional-nicaragua-at-sapindex-4436784729,Consultor/a Senior SAP PM – IT Business Partner / Solution Architect - Inglés C1 – Remoto Internacional - Nicaragua,,scraped,2026-07-07T20:40:19.643584,
4ccb75007cc48703,https://ni.linkedin.com/jobs/view/supervisor-de-seguridad-y-medio-ambiente-nicaragua-masaya-at-cargill-4434576092,"Supervisor de Seguridad y Medio Ambiente (Nicaragua, Masaya)",Cargill,posted,2026-07-07T20:40:38.783357,168
53badb287c5a909b,https://ni.linkedin.com/jobs/view/data-engineer-at-perform-4406419058,Data Engineer,Perform,posted,2026-07-07T20:40:49.545989,170
74edba37c8723756,https://ni.linkedin.com/jobs/view/senior-customer-success-specialist-at-confidential-4436136226,Senior Customer Success Specialist,Confidential,posted,2026-07-07T20:41:03.239569,172
08697383c32f813d,https://ni.linkedin.com/jobs/view/seleccionador-a-de-productos-masaya-at-cargill-4434572556,Seleccionador(a) de Productos - Masaya,Cargill,posted,2026-07-07T20:41:16.291703,174
fb099e72ab695294,https://ni.linkedin.com/jobs/view/abogado-de-cobro-judicial-zona-norte-at-grupo-lafise-4436428790,Abogado de cobro judicial (Zona norte),Grupo LAFISE,posted,2026-07-07T20:41:32.787247,176
e43470979f7a7683,https://ni.linkedin.com/jobs/view/paid-social-search-specialist-at-opticall-bpo-4434361321,Paid Social & Search Specialist,Opticall BPO,posted,2026-07-07T20:41:44.919155,178
f066d431713538d8,https://ni.linkedin.com/jobs/view/business-concierge-associate-at-remitly-4436428149,Business Concierge Associate,Remitly,posted,2026-07-07T20:41:54.616262,180
4d9e81286d4cf4c9,https://ni.linkedin.com/jobs/view/treasury-analyst-funding-at-remitly-4429139654,"Treasury Analyst, Funding",Remitly,posted,2026-07-07T20:42:03.891449,182
67954bb93b731635,https://ni.linkedin.com/jobs/view/operario-a-de-limpieza-masaya-at-cargill-4434560828,Operario(a) de Limpieza - Masaya,Cargill,posted,2026-07-07T20:42:16.774853,184
a754b2d4e5df759d,https://ni.linkedin.com/jobs/view/operario-a-de-limpieza-masaya-at-cargill-4427573326,Operario(a) de Limpieza - Masaya,Cargill,posted,2026-07-07T20:42:30.935943,186
dc4838e8b3730f58,https://ni.linkedin.com/jobs/view/taxes-specialist-accounting-at-concentrix-4413654414,"Taxes Specialist, Accounting",Concentrix,posted,2026-07-07T20:42:43.697750,188
5c8a92ef344cd2a6,https://ni.linkedin.com/jobs/view/offensive-security-engineer-at-applaudo-4437438106,Offensive Security Engineer,Applaudo,posted,2026-07-07T20:42:58.521486,190
5f75bea07167e70c,https://ni.linkedin.com/jobs/view/backend-developer-node-js-at-applaudo-4436158157,Backend Developer (Node.js),,scraped,2026-07-07T20:43:01.099035,
e72c612eba4966bf,https://ni.linkedin.com/jobs/view/gerente-de-arquitectura-de-software-at-deloitte-4435836811,Gerente de arquitectura de software,Deloitte,posted,2026-07-07T20:43:23.999267,192
63fabb0c393470c0,https://ni.linkedin.com/jobs/view/operario-a-de-producci%C3%B3n-masaya-at-cargill-4434563744,Operario(a) de Producción - Masaya,Cargill,posted,2026-07-07T20:43:43.239313,194
57a3598ae056bf54,https://ni.linkedin.com/jobs/view/coordinador-a-de-granja-masaya-at-cargill-4434639411,Coordinador(a) de Granja - Masaya,Cargill,posted,2026-07-07T20:43:57.964524,196
f6a4590b060df5cd,https://ni.linkedin.com/jobs/view/offensive-security-engineer-at-applaudo-4437437177,Offensive Security Engineer,,scraped,2026-07-07T20:44:00.579715,
45f4dc4d6122fb91,https://ni.linkedin.com/jobs/view/fullstack-developer-senior-python-django-%2B-react-remote-latin-america-at-bluelight-4437861641,"Fullstack Developer (Senior) - Python (Django) + React - Remote, Latin America",Bluelight,posted,2026-07-07T20:44:11.015024,144
744c21a456b1d66d,https://ni.linkedin.com/jobs/view/ingeniero-de-seguridad-de-aplicaciones-checkmarx-sast-trabajo-remoto-at-bairesdev-4436837646,Ingeniero de Seguridad de Aplicaciones (Checkmarx / SAST) - Trabajo Remoto,BairesDev,posted,2026-07-07T20:44:22.619042,198
55b5fe4bc9b2f741,https://ni.linkedin.com/jobs/view/fullstack-developer-senior-python-django-%2B-react-remote-latin-america-at-bluelight-4437873024,"Fullstack Developer (Senior) - Python (Django) + React - Remote, Latin America",Bluelight,posted,2026-07-07T20:44:28.210428,144
aed15e30c2a1e449,https://ni.linkedin.com/jobs/view/senior-net-developer-temporary-contract-at-applaudo-4436379240,Senior .NET Developer (temporary contract),,scraped,2026-07-07T20:44:40.854217,
670cc8b5c692440d,https://ni.linkedin.com/jobs/view/senior-full-stack-java-engineer-java-%2B-angular-temporary-contract-at-applaudo-4436781115,Senior Full Stack Java Engineer (Java + Angular ) - temporary contract,,scraped,2026-07-07T20:44:47.338283,
02b9adbcc932541f,https://ni.linkedin.com/jobs/view/consultor-a-senior-sap-qm-%E2%80%93-it-business-partner-solution-architect-ingl%C3%A9s-c1-%E2%80%93-remoto-internacional-nicaragua-at-sapindex-4436902024,Consultor/a Senior SAP QM – IT Business Partner / Solution Architect - Inglés C1 – Remoto Internacional - Nicaragua,,scraped,2026-07-07T20:44:53.897112,
7d420fe4f26ea5b2,https://ni.linkedin.com/jobs/view/analista-datos-at-gildan-4434631571,Analista - Datos,,scraped,2026-07-08T06:47:18.225133,
ef964474c802fc39,https://ni.linkedin.com/jobs/view/auxiliar-administrativo-at-coca-cola-femsa-4434597982,Auxiliar Administrativo,,scraped,2026-07-08T06:47:26.166156,
96953a9b260ead03,https://ni.linkedin.com/jobs/view/analista-calidad-at-coca-cola-femsa-4433974340,Analista Calidad,,scraped,2026-07-08T06:47:32.989243,
4b19222e94aa27db,https://ni.linkedin.com/jobs/view/planeador-de-accesorios-at-gildan-4434627770,Planeador de Accesorios,,scraped,2026-07-08T06:47:41.857489,
089881f605b86711,https://ni.linkedin.com/jobs/view/brand-manager-cadena-de-restaurantes-managua-nicaragua-at-food-gurus-%E2%80%93-agencia-consultora-gastron%C3%B3mica-4437890284,Brand Manager Cadena de restaurantes/ Managua-Nicaragua,Food Gurus – Agencia Consultora Gastronómica,posted,2026-07-08T06:48:08.355538,210
e9bb97bf22190649,https://ni.linkedin.com/jobs/view/adminstrative-assistant-at-a-igreja-de-jesus-cristo-dos-santos-dos-%C3%BAltimos-dias-4436475036,Adminstrative Assistant,,scraped,2026-07-08T06:48:11.024764,
f8cd33d5c6d92139,https://ni.linkedin.com/jobs/view/gerente-senior-de-operaciones-at-reliefweb-4436478521,Gerente Senior de Operaciones,ReliefWeb,posted,2026-07-08T06:48:35.875563,212
f145e239ea25bd25,https://ni.linkedin.com/jobs/view/vacancy-notice-job-title-secretary-m-f-x-local-agent-group-iii-at-eubam-libya-4437124493,VACANCY NOTICE-JOB TITLE: SECRETARY (M/F/X) LOCAL AGENT GROUP III,,scraped,2026-07-08T06:48:40.600451,
fb50ba53271293e2,https://ni.linkedin.com/jobs/view/mgr-facility-operations-at-a-igreja-de-jesus-cristo-dos-santos-dos-%C3%BAltimos-dias-4436454937,"Mgr, Facility Operations",,scraped,2026-07-08T06:48:48.108101,
61a147b20a3933f1,https://ni.linkedin.com/jobs/view/auxiliar-de-talento-humano-at-concentrix-4436410495,Auxiliar de Talento Humano,Concentrix,posted,2026-07-08T06:49:05.584113,214
99c1645182f42deb,https://ni.linkedin.com/jobs/view/partnership-lead-at-entrepreneur-cooperative-4437857927,Partnership Lead,Entrepreneur Cooperative,posted,2026-07-08T06:49:19.273604,216
1bdba1c8f49a4fc5,https://ni.linkedin.com/jobs/view/auxiliar-de-bodega-picker-medio-tiempo-at-pedidosya-4407636170,Auxiliar de Bodega/Picker- MEDIO TIEMPO,,scraped,2026-07-08T06:49:25.830825,
ea94e3b1c0219355,https://ni.linkedin.com/jobs/view/coordinador-de-contralor%C3%ADa-normativa-at-grupo-lafise-4438134051,Coordinador de Contraloría Normativa,Grupo LAFISE,posted,2026-07-08T06:49:39.400777,218
5dbd5492d5f71b53,https://ni.linkedin.com/jobs/view/senior-supervisor-bpo-at-outsourcing-services-international-osi-4423169639,Senior Supervisor - BPO,,scraped,2026-07-08T06:50:00.032945,
40cf780bdc7e44e0,https://ni.linkedin.com/jobs/view/account-executive-at-pedidosya-4435244746,Account Executive,,scraped,2026-07-08T06:50:10.360519,
95b49a20a77b8826,https://ni.linkedin.com/jobs/view/banco-de-talento-tecnol%C3%B3gico-regional-at-grupo-ficohsa-hn-4438101729,Banco de Talento Tecnológico Regional,Grupo Ficohsa HN,posted,2026-07-08T06:50:26.980020,220
d935d63a6fec9a93,https://ni.linkedin.com/jobs/view/analista-de-reaseguros-senior-at-grupo-lafise-4438108851,Analista de Reaseguros Senior,Grupo LAFISE,posted,2026-07-08T06:50:38.689351,222
4a667aee81cc1093,https://ni.linkedin.com/jobs/view/electricista-at-gildan-4387604570,Electricista,,scraped,2026-07-08T06:50:47.298613,
0f1177e4517e9e2f,https://ni.linkedin.com/jobs/view/analista-de-cr%C3%A9dito-at-ficohsa-banco-ni-4435785830,Analista de Crédito,,scraped,2026-07-08T06:50:54.829312,
a5ba4c0b1fb680a2,https://ni.linkedin.com/jobs/view/electricista-at-gildan-4437483166,Electricista,,scraped,2026-07-08T06:51:01.826415,
3e2b795804b8b5b2,https://ni.linkedin.com/jobs/view/ingeniero-civil-at-talented-people-4437796846,Ingeniero civil,,scraped,2026-07-08T06:51:09.322747,
fc5c3e3e0edb51f0,https://ni.linkedin.com/jobs/view/coordinador-a-de-servicio-al-cliente-at-cargill-4434568685,Coordinador(a) de Servicio al Cliente,Cargill,posted,2026-07-08T06:51:48.005987,224
586dbed722bcfbb2,https://ni.linkedin.com/jobs/view/intern-mfg-operations-at-yazaki-north-america-4438120011,"Intern, Mfg. Operations",Yazaki North America,posted,2026-07-08T06:52:05.845115,226
eae359ef4424c8b2,https://ni.linkedin.com/jobs/view/intern-mfg-operations-at-yazaki-north-america-4437897905,"Intern, Mfg. Operations",Yazaki North America,scraped,2026-07-08T06:52:09.969328,
f0808cd6483f0b1b,https://ni.linkedin.com/jobs/view/blockchain-engineer-remote-work-at-bairesdev-4436226873,Blockchain Engineer - Remote Work,BairesDev,posted,2026-07-08T06:52:24.070694,228
092a3af8109fd81f,https://ni.linkedin.com/jobs/view/ejecutivo-a-de-calidad-y-coaching-at-cargill-4425304850,Ejecutivo (a) de Calidad y Coaching,Cargill,posted,2026-07-08T06:52:37.517732,230
b5afd3fda550a3e1,https://ni.linkedin.com/jobs/view/analista-de-procesos-at-grupo-lafise-4438108870,Analista de procesos,Grupo LAFISE,posted,2026-07-08T06:52:54.009540,232
70007129bd28d5ef,https://ni.linkedin.com/jobs/view/motorista-ii-incubadora-ricasa-at-cargill-4434557965,Motorista II - Incubadora Ricasa,Cargill,posted,2026-07-08T06:53:05.818081,234
c2278abb27efb1b2,https://ni.linkedin.com/jobs/view/analista-de-subrogaciones-at-grupo-lafise-4437859439,Analista de Subrogaciones,Grupo LAFISE,posted,2026-07-08T06:53:18.821137,236
c2b6a1849f1b232b,https://ni.linkedin.com/jobs/view/chofer-de-cami%C3%B3n-at-gildan-4418027548,Chofer de Camión,,scraped,2026-07-08T06:53:21.415852,
f1acf09c1d3f703c,https://ni.linkedin.com/jobs/view/machine-learning-engineer-remote-work-at-bairesdev-4436848738,Machine Learning Engineer - Remote Work,BairesDev,posted,2026-07-08T06:53:37.654587,238
842c5d6b614670cb,https://ni.linkedin.com/jobs/view/inclusive-and-sustainable-economic-integration-experts-at-ntu-international-a-s-4436736408,Inclusive and Sustainable Economic Integration Experts,,scraped,2026-07-08T06:53:40.250483,
4a308169304b7d47,https://ni.linkedin.com/jobs/view/cajero-8777-48912-at-grupo-ficohsa-hn-4436450086,CAJERO (8777) - 48912,Grupo Ficohsa HN,posted,2026-07-08T06:53:57.773803,240
24cf0d3699b173a2,https://ni.linkedin.com/jobs/view/jefe-de-cocina-masaya-at-cargill-4434575117,Jefe de Cocina - Masaya,Cargill,posted,2026-07-08T06:54:17.243467,242
417d187b7d0d86d5,https://ni.linkedin.com/jobs/view/qa-automation-engineer-node-js-distributed-systems-at-applaudo-4436143302,QA Automation Engineer (Node.js & Distributed Systems),,scraped,2026-07-08T06:54:21.842780,
4bbc27c34c109e09,https://ni.linkedin.com/jobs/view/sales-executive-for-campus-live-remote-work-at-bairesdev-4436599668,Sales Executive for Campus Live - Remote Work,BairesDev,posted,2026-07-08T06:54:40.469598,244
ac1773c0752e91b5,https://ni.linkedin.com/jobs/view/mobility-transport-and-urban-planning-experts-at-ntu-international-a-s-4437155139,"Mobility, Transport and Urban Planning Experts",,scraped,2026-07-08T06:54:45.142231,
8d2fa98022677004,https://ni.linkedin.com/jobs/view/operario-a-de-producci%C3%B3n-iqf-masaya-at-cargill-4434573263,Operario(a) de Producción IQF - Masaya,Cargill,posted,2026-07-08T06:54:59.045772,246
ac96759ba26dc40d,https://ni.linkedin.com/jobs/view/ejecutivo-de-negocios-pyme-at-grupo-lafise-4436125670,Ejecutivo de Negocios Pyme,Grupo LAFISE,posted,2026-07-08T06:55:11.386340,248
2fda72bf98e981e9,https://ni.linkedin.com/jobs/view/refrigeration-technician-4437814241,Refrigeration Technician,CW Ingenieria,posted,2026-07-08T06:55:21.658545,250
edc9e1d54f880e54,https://ni.linkedin.com/jobs/view/ingeniero-productividad-gildan-rivas-%233-at-gildan-4436790909,Ingeniero Productividad Gildan Rivas #3,,scraped,2026-07-08T06:55:26.050296,
80be1002caef9cda,https://ni.linkedin.com/jobs/view/service-delivery-leader-at-applaudo-4437419796,Service Delivery Leader,,scraped,2026-07-08T06:55:33.799091,
0df19ebdb3187abd,https://ni.linkedin.com/jobs/view/senior-accountant-at-teamswell-4435841358,Senior Accountant,Teamswell,posted,2026-07-08T06:55:47.806402,252
d713157427d75581,https://ni.linkedin.com/jobs/view/t%C3%A9cnico-a-electricista-managua-at-cargill-4434559864,Técnico (a) Electricista - Managua,Cargill,posted,2026-07-08T06:56:02.375790,254
784a003d50241c9c,https://ni.linkedin.com/jobs/view/call-center-agent-english-at-callsexperts-4432394581,Call Center Agent (English),Callsexperts,posted,2026-07-08T06:56:18.781407,256
790376c996d55362,https://ni.linkedin.com/jobs/view/motorista-ii-incubadora-ricasa-at-cargill-4434574220,Motorista II - Incubadora Ricasa,Cargill,posted,2026-07-08T06:56:38.860530,234
adb1ca7401ef1402,https://ni.linkedin.com/jobs/view/senior-qa-automation-engineer-playwright-mobile-at-applaudo-4436170309,Senior QA Automation Engineer (Playwright & Mobile),,scraped,2026-07-08T06:56:41.460814,
0011b0a1d8e3b53f,https://ni.linkedin.com/jobs/view/cociner-a-masaya-at-cargill-4434558968,Cociner(a) - Masaya,Cargill,posted,2026-07-08T06:56:55.696317,258
e4b9e0978e3894af,https://ni.linkedin.com/jobs/view/senior-qa-automation-engineer-playwright-mobile-at-applaudo-4436161524,Senior QA Automation Engineer (Playwright & Mobile),,scraped,2026-07-08T06:56:58.305234,
e452b938232ef52f,https://ni.linkedin.com/jobs/view/cociner-a-masaya-at-cargill-4434573240,Cociner(a) - Masaya,Cargill,posted,2026-07-08T06:57:13.288942,260
68d760e903e741d1,https://ni.linkedin.com/jobs/view/cociner-a-masaya-at-cargill-4434569629,Cociner(a) - Masaya,Cargill,posted,2026-07-08T06:57:23.705095,262
e4eae3ed2d913f51,https://ni.linkedin.com/jobs/view/ispeak-language-program-student-at-ibex-4308291996,iSpeak - Language Program Student,ibex,posted,2026-07-08T13:20:53.921069,264
edb9deab68bd1959,https://ni.linkedin.com/jobs/view/backoffice-representative-at-ibex-4308293931,Backoffice Representative,ibex,posted,2026-07-08T13:21:05.606019,266
f8fdf68b642e022a,https://ni.linkedin.com/jobs/view/analista-de-datos-at-empresa-confidencial-4437708215,Analista de datos,Empresa Confidencial,posted,2026-07-08T13:21:37.011724,268
64bad70613436da6,https://ni.linkedin.com/jobs/view/cajero-sucursal-rivas-at-grupo-lafise-4437843009,Cajero - Sucursal Rivas,Grupo LAFISE,posted,2026-07-08T13:21:48.589191,270
4bf126b259590a17,https://ni.linkedin.com/jobs/view/associate-data-specialist-nob%0Ajob-id-280369-at-urban-resilience-hub-by-un-habitat-s-crgp-4436957888,"ASSOCIATE DATA SPECIALIST, NOB
Job ID : 280369",,scraped,2026-07-08T13:21:53.301437,
2e82eb575902391e,https://ni.linkedin.com/jobs/view/oficial-de-telemercadeo-at-grupo-lafise-4438124160,Oficial de Telemercadeo,Grupo LAFISE,posted,2026-07-08T13:22:15.603934,272
4a28a1d91ddc5d55,https://ni.linkedin.com/jobs/view/soporte-t%C3%A9cnico-de-equipos-juigalpa-nicaragua-el-colono-agropecuario-at-grupo-colono-4435773679,Soporte Técnico de Equipos - Juigalpa - Nicaragua - El Colono Agropecuario,Grupo Colono,posted,2026-07-08T13:22:25.207787,274
71c8a1e90ae32477,https://ni.linkedin.com/jobs/view/talent-acquisition-analyst-remote-work-at-bairesdev-4436861288,Talent Acquisition Analyst - Remote Work,BairesDev,posted,2026-07-08T13:22:53.495485,276
99ac9aa59eceff47,https://ni.linkedin.com/jobs/view/oficial-de-higiene-y-seguridad-at-gildan-4436502495,Oficial de Higiene y Seguridad,,scraped,2026-07-08T13:23:00.138250,
6910252a67ff1a5d,https://ni.linkedin.com/jobs/view/customer-service-representative-at-ibex-4308510096,Customer Service Representative,ibex,posted,2026-07-08T13:23:42.650887,278
b7617b4caafd6b2b,https://ni.linkedin.com/jobs/view/regente-farmaceutico-at-health-help-charity-4437737313,Regente farmaceutico,Health &amp; Help Charity,posted,2026-07-08T13:23:54.390657,280
c5d00299d7b8ad5e,https://ni.linkedin.com/jobs/view/recibidor-despachador-at-cargill-4434561848,Recibidor despachador,Cargill,posted,2026-07-08T13:24:10.694527,282
3e381cf176c3175a,https://ni.linkedin.com/jobs/view/supervisor-de-seguridad-y-medio-ambiente-nicaragua-masaya-at-cargill-4434574211,"Supervisor de Seguridad y Medio Ambiente (Nicaragua, Masaya)",Cargill,posted,2026-07-08T13:24:19.372039,168
df7db1c4d82429da,https://ni.linkedin.com/jobs/view/cajero-sucursal-estel%C3%AD-at-grupo-lafise-4437833501,Cajero - Sucursal Estelí,Grupo LAFISE,posted,2026-07-08T13:24:44.683062,284
1e11afaf82446a07,https://ni.linkedin.com/jobs/view/ingeniero-de-seguridad-de-aplicaciones-checkmarx-sast-trabajo-remoto-at-bairesdev-4436827989,Ingeniero de Seguridad de Aplicaciones (Checkmarx / SAST) - Trabajo Remoto,BairesDev,posted,2026-07-08T13:25:09.919823,198
204781aaa7ee27d3,https://ni.linkedin.com/jobs/view/administrador-de-finca-4435192970,Administrador de Finca,Finca Pandora,posted,2026-07-08T13:25:23.136949,286
69063b2e915d8587,https://ni.linkedin.com/jobs/view/backend-developer-node-js-at-applaudo-4436152279,Backend Developer (Node.js),,scraped,2026-07-08T13:25:25.926825,
f03d920fd9ba284f,https://ni.linkedin.com/jobs/view/entregador-a-de-productos-chinandega-at-cargill-4434564772,Entregador(a) de Productos - Chinandega,Cargill,posted,2026-07-08T13:25:42.338338,288
c36497b6f1032a1c,https://ni.linkedin.com/jobs/view/application-security-engineer-checkmarx-sast-remote-work-at-bairesdev-4436808873,Application Security Engineer (Checkmarx / SAST) - Remote Work,BairesDev,posted,2026-07-08T13:25:56.776734,290
b4793983f9119a53,https://ni.linkedin.com/jobs/view/coordinador-a-de-granja-masaya-at-cargill-4434565791,Coordinador(a) de Granja - Masaya,Cargill,posted,2026-07-08T13:26:07.819215,292
d26b9ea0d9b5b122,https://ni.linkedin.com/jobs/view/agente-de-televentas-at-cargill-4424804079,Agente de Televentas,Cargill,posted,2026-07-08T13:26:18.654308,294
6e92af9f5098c86a,https://ni.linkedin.com/jobs/view/brand-manager-cadena-de-restaurantes-managua-nicaragua-at-food-gurus-%E2%80%93-consultora-gastron%C3%B3mica-4437890284,Brand Manager Cadena de restaurantes/ Managua-Nicaragua,Food Gurus – Consultora Gastronómica,posted,2026-07-08T18:56:59.057645,210
3744e00bd76078a8,https://ni.linkedin.com/jobs/view/membership-operations-manager-event-manager-at-teamswell-4437454854,Membership Operations Manager & Event Manager,Teamswell,posted,2026-07-08T18:57:15.643393,296
a4fbd62c1da6bcb0,https://ni.linkedin.com/jobs/view/virtual-executive-assistant-remote-at-viva-talent-4438246725,Virtual Executive Assistant (Remote),Viva Talent,posted,2026-07-08T18:57:30.770951,82
5200196a0cbdbc02,https://ni.linkedin.com/jobs/view/administrative-assistant-ni-at-core-code-io-4437041759,Administrative Assistant NI,Core Code io,posted,2026-07-08T18:57:46.037611,298
705e1d7e36a3578e,https://ni.linkedin.com/jobs/view/supervisor-de-operaciones-proceso-at-cargill-4434572569,Supervisor de Operaciones-Proceso,Cargill,posted,2026-07-08T18:58:07.228346,300
13f970e95ee54dd9,https://ni.linkedin.com/jobs/view/coordinador-senior-de-recursos-humanos-at-walmart-centroam%C3%A9rica-4437823599,Coordinador Senior de Recursos Humanos,,scraped,2026-07-08T18:58:09.704878,
cd1d92aa2965f407,https://ni.linkedin.com/jobs/view/administrador-de-bienes-siniestrados-at-grupo-lafise-4438124474,Administrador de Bienes Siniestrados,Grupo LAFISE,posted,2026-07-08T18:58:27.490216,302
4c0d42e8fd6fb53c,https://ni.linkedin.com/jobs/view/asistente-de-higiene-y-seguridad-at-nicaragua-talento-humano-4438130439,Asistente de Higiene y Seguridad,Nicaragua Talento Humano,posted,2026-07-08T18:58:43.120516,304
5cb6a482cd8327e4,https://ni.linkedin.com/jobs/view/programme-assistant-gs5-fta-managua-nicaragua-at-international-civil-aviation-organization-4438168026,"Programme Assistant, GS5, FTA, Managua, Nicaragua",International Civil Aviation Organization,posted,2026-07-08T18:59:02.372545,306
a674eda0ca6c6302,https://ni.linkedin.com/jobs/view/associate-compliance-analyst-at-sago-4437874039,Associate Compliance Analyst,Sago,posted,2026-07-08T18:59:13.867690,308
7d07474b6b2b6147,https://ni.linkedin.com/jobs/view/team-leader-for-medical-campaign-at-tri-source-international-llc-4438263804,Team Leader for Medical Campaign,Tri Source International LLC,posted,2026-07-08T18:59:23.127733,310
c537e14466353755,https://ni.linkedin.com/jobs/view/asesor-posventa-at-equipsa-4438263508,Asesor posventa,,scraped,2026-07-08T18:59:31.789150,
7d134cecd0b286be,https://ni.linkedin.com/jobs/view/representante-de-servicio-al-cliente-at-cargill-4434564786,Representante de Servicio al Cliente,Cargill,posted,2026-07-08T18:59:50.840721,312
8f1a7903891a9d48,https://ni.linkedin.com/jobs/view/administrative-assistant-temporary-at-nestl%C3%A9-4438143881,Administrative Assistant Temporary,Nestlé,posted,2026-07-08T19:00:02.876757,314
b15002e3465ff0a7,https://ni.linkedin.com/jobs/view/casetero-a-av%C3%ADcola-boaco-at-cargill-4434576101,Casetero(a) Avícola - Boaco,Cargill,posted,2026-07-08T19:00:28.013986,316
0aab653c3ad5be28,https://ni.linkedin.com/jobs/view/coordinator-retail-partners-at-dhl-express-4437868738,Coordinator Retail Partners,DHL Express,posted,2026-07-08T19:00:44.110421,318
1301c17f2efdcfb8,https://ni.linkedin.com/jobs/view/seleccionador-a-de-productos-masaya-at-cargill-4434573250,Seleccionador(a) de Productos - Masaya,Cargill,posted,2026-07-08T19:00:56.216958,320
55afdc688e742eaa,https://ni.linkedin.com/jobs/view/casetero-a-av%C3%ADcola-boaco-at-cargill-4428101656,Casetero(a) Avícola - Boaco,Cargill,posted,2026-07-08T19:01:13.281503,322
8af3700c8c4af201,https://ni.linkedin.com/jobs/view/education-research-and-innovation-experts-at-ntu-international-a-s-4437198612,"Education, Research and Innovation Experts",,scraped,2026-07-08T19:01:21.953067,
6233e56396cf3ee2,https://ni.linkedin.com/jobs/view/ingeniero-sast-trabajo-remoto-ref%23296033-at-bairesdev-4432459798,Ingeniero SAST - Trabajo Remoto | REF#296033,BairesDev,posted,2026-07-08T19:01:42.746890,324
efd4c21d7f3b9c35,https://ni.linkedin.com/jobs/view/operario-a-de-despacho-masaya-at-cargill-4434558976,Operario(a) de Despacho - Masaya,Cargill,posted,2026-07-08T19:01:58.071049,326
bb2982a6d4d89d56,https://ni.linkedin.com/jobs/view/operador-a-iqf-congelados-masaya-at-cargill-4434566765,Operador (a) IQF (Congelados- Masaya),Cargill,posted,2026-07-08T19:02:09.384857,328
f8bc2e496937fdf5,https://ni.linkedin.com/jobs/view/ejecutivo-de-ventas-managua-at-grupo-lafise-4438274647,Ejecutivo de Ventas - Managua,Grupo LAFISE,posted,2026-07-08T19:02:34.689793,330
8aa9af8772aec1dc,https://ni.linkedin.com/jobs/view/spanish-bilingual-customer-service-specialist-at-talentpop-app-4434875707,Spanish Bilingual Customer Service Specialist,TalentPop App,posted,2026-07-08T19:02:48.871390,332
4c725c948ae8ba49,https://ni.linkedin.com/jobs/view/spanish-bilingual-customer-service-specialist-at-talentpop-app-4434875664,Spanish Bilingual Customer Service Specialist,TalentPop App,scraped,2026-07-08T19:02:53.189479,
8cbb63bf4de6dc8c,https://ni.linkedin.com/jobs/view/spanish-bilingual-customer-service-specialist-at-talentpop-app-4434889233,Spanish Bilingual Customer Service Specialist,TalentPop App,posted,2026-07-08T19:03:09.537517,332
5751382045392845,https://ni.linkedin.com/jobs/view/ads-campaign-manager-fully-remote-bilingual-at-valatam-4434871074,Ads Campaign Manager (Fully Remote / Bilingual),Valatam,posted,2026-07-08T19:03:26.101694,334
ecef3658e11682fb,https://ni.linkedin.com/jobs/view/asesor-patrimonial-at-goque-group-4434791399,Asesor patrimonial,Goque Group,posted,2026-07-08T19:03:39.523962,336
aedbace4f0678b59,https://ni.linkedin.com/jobs/view/ejecutivos-de-ventas-canal-detalle-at-unimark-s-a-4437872564,Ejecutivos de Ventas - Canal Detalle,,scraped,2026-07-08T19:03:46.156933,
d27c1640f87cb8fd,https://ni.linkedin.com/jobs/view/career-framework-specialist-remote-work-at-bairesdev-4437067922,Career Framework Specialist - Remote Work,BairesDev,posted,2026-07-08T19:03:58.897754,338
60fd7d7c9f4f2c46,https://ni.linkedin.com/jobs/view/french-bilingual-customer-service-specialist-at-talentpop-app-4434869988,French Bilingual Customer Service Specialist,TalentPop App,posted,2026-07-08T19:04:17.688839,340
693b3cda1fa21639,https://ni.linkedin.com/jobs/view/agente-vendedor-at-grupo-d%C3%B6kka-4438241523,Agente Vendedor,,scraped,2026-07-08T19:04:24.109284,
3187f31535156dff,https://ni.linkedin.com/jobs/view/french-bilingual-customer-service-specialist-at-talentpop-app-4434879454,French Bilingual Customer Service Specialist,TalentPop App,posted,2026-07-08T19:04:32.669548,340
f051ea840482d96d,https://ni.linkedin.com/jobs/view/technical-business-analyst-nicaragua-at-deloitte-4435886606,Technical Business Analyst - Nicaragua,Deloitte,posted,2026-07-08T19:04:47.855041,342
8a89ce8468f8e307,https://ni.linkedin.com/jobs/view/virtual-medical-receptionist-eng-span-out-of-network-experience-required-at-staffing-for-doctors-4434876404,Virtual Medical Receptionist (Eng &Span) - Out of Network Experience Required,Staffing For Doctors,posted,2026-07-08T19:05:10.833619,344
cfec75c05a455d3f,https://ni.linkedin.com/jobs/view/sr-ai-ml-engineer-at-perform-4398650163,Sr. AI/ML Engineer,Perform,posted,2026-07-08T19:05:26.763524,346
b302d1f2c127f980,https://ni.linkedin.com/jobs/view/service-delivery-leader-at-applaudo-4437426392,Service Delivery Leader,,scraped,2026-07-08T19:05:29.421626,
27e506143dd1de3f,https://ni.linkedin.com/jobs/view/senior-economic-and-commercial-specialist-at-u-s-embassy-managua-4438292320,Senior Economic and Commercial Specialist,,scraped,2026-07-08T23:45:23.837843,
e0e834d28cc82cfd,https://ni.linkedin.com/jobs/view/especialista-en-gesti%C3%B3n-de-inventario-at-walmart-centroam%C3%A9rica-4438282421,Especialista en gestión de inventario,,scraped,2026-07-08T23:45:32.218552,
fe558ce166ce51cc,https://ni.linkedin.com/jobs/view/encargado-a-auditor%C3%ADa-externa-nicaragua-at-deloitte-4438263385,Encargado(a) Auditoría Externa - Nicaragua,Deloitte,posted,2026-07-08T23:45:47.819347,348
0cc21d20c850d5cc,https://ni.linkedin.com/jobs/view/veterinary-delegate-at-nestl%C3%A9-4438265640,Veterinary Delegate,Nestlé,posted,2026-07-08T23:45:58.399232,350
fd7eec2ac2ee21f7,https://ni.linkedin.com/jobs/view/analista-de-recursos-humanos-at-empresa-confidencial-4438269882,Analista de recursos humanos,Empresa Confidencial,posted,2026-07-08T23:46:15.513993,352
fa7aaa8b8e60842b,https://ni.linkedin.com/jobs/view/analista-de-datos-at-grupo-lafise-4436430393,Analista de Datos,Grupo LAFISE,posted,2026-07-08T23:46:22.609742,268
461bee8559ba8a75,https://ni.linkedin.com/jobs/view/supervisor-de-operaciones-proceso-at-cargill-4434565792,Supervisor de Operaciones-Proceso,Cargill,posted,2026-07-08T23:46:27.336459,300
fb1a30e3bc619686,https://ni.linkedin.com/jobs/view/medical-interpreters-required-%21-remote-medical-interpreters-%21-opi-and-vri-spanish-english-at-multilingual-interpreters-and-translators-4437811257,Medical Interpreters Required ! (Remote Medical Interpreters) ! OPI and VRI ((Spanish-English)),Multilingual Interpreters and Translators,posted,2026-07-08T23:46:52.943730,354
ba3663220e189f32,https://ni.linkedin.com/jobs/view/motorista-de-equipo-liviano-at-grupo-q-4437112928,Motorista de Equipo Liviano,,scraped,2026-07-08T23:46:57.470996,
7c920818161ecaaf,https://ni.linkedin.com/jobs/view/coordinador-a-de-fortalecimiento-familiar-at-aldeas-infantiles-sos-nicaragua-4437492713,Coordinador/a de Fortalecimiento Familiar,,scraped,2026-07-08T23:47:06.798308,
09ca1ed90a0b8563,https://ni.linkedin.com/jobs/view/managing-director-the-agency-managua-at-the-agency-nicaragua-4436819608,Managing Director - The Agency Managua,,scraped,2026-07-08T23:47:17.729064,
23eb34ec7cde4652,https://ni.linkedin.com/jobs/view/agente-aduanero-at-dhl-express-4434972057,Agente Aduanero,DHL Express,posted,2026-07-08T23:47:47.711792,356
9b7ac1c102fc0ed6,https://ni.linkedin.com/jobs/view/itech-support-engineer-l3-at-blue-sky-solutions-4438239415,ITech Support Engineer (L3),,scraped,2026-07-08T23:47:56.241965,
e6345a9fe2e15791,https://ni.linkedin.com/jobs/view/jr-sourcing-specialist-at-cargill-4426850682,Jr. Sourcing Specialist,Cargill,posted,2026-07-08T23:48:18.985138,358
4f71db3841cbf451,https://ni.linkedin.com/jobs/view/coordinador-retail-partners-at-dhl-express-4437868738,Coordinador  Retail Partners,DHL Express,posted,2026-07-08T23:48:34.309866,360
c83a4c508ba67093,https://ni.linkedin.com/jobs/view/senior-technical-program-manager-remote-work-at-bairesdev-4437313120,Senior Technical Program Manager - Remote Work,BairesDev,posted,2026-07-08T23:49:07.047966,362
12f940723f4f77d6,https://ni.linkedin.com/jobs/view/mobile-ai-engineer-remote-work-at-bairesdev-4436849850,Mobile AI Engineer - Remote Work,BairesDev,posted,2026-07-08T23:49:15.840715,364
21935d225a79ee95,https://ni.linkedin.com/jobs/view/operario-a-de-despacho-masaya-at-cargill-4434573252,Operario(a) de Despacho - Masaya,Cargill,posted,2026-07-08T23:49:28.972782,366
c289b71c77e7538f,https://ni.linkedin.com/jobs/view/operario-a-de-despacho-masaya-at-cargill-4434580039,Operario(a) de Despacho - Masaya,Cargill,scraped,2026-07-08T23:49:33.134610,
8bf3544b7ef7bf1c,https://ni.linkedin.com/jobs/view/coordinador-a-de-granja-masaya-at-cargill-4434562854,Coordinador(a) de Granja - Masaya,Cargill,posted,2026-07-08T23:49:49.930213,368
80acde5ba1aa5029,https://ni.linkedin.com/jobs/view/cajero-sucursales-managua-at-grupo-lafise-4429709917,Cajero - Sucursales Managua,Grupo LAFISE,posted,2026-07-08T23:50:01.470024,370
5c09e86528802664,https://ni.linkedin.com/jobs/view/cajero-sucursal-matagalpa-at-grupo-lafise-4437842071,Cajero - Sucursal Matagalpa,Grupo LAFISE,posted,2026-07-08T23:50:28.591949,372
329e270c4cada39c,https://ni.linkedin.com/jobs/view/oficial-de-call-center-at-grupo-lafise-4436430308,Oficial de Call Center,Grupo LAFISE,posted,2026-07-08T23:50:40.220174,374
d476145f345df499,https://ni.linkedin.com/jobs/view/perito-agricola-at-grupo-lafise-4436143120,Perito Agricola,Grupo LAFISE,posted,2026-07-08T23:50:51.114507,376
219885898201149c,https://ni.linkedin.com/jobs/view/supervisor-empaque-at-gildan-4416973114,Supervisor - Empaque,,scraped,2026-07-08T23:50:53.752023,
772ab80f7ed93ae4,https://ni.linkedin.com/jobs/view/supervisor-de-distribucion-y-almacen-managua-at-cargill-4434571514,Supervisor de Distribucion y Almacen( Managua),Cargill,posted,2026-07-08T23:51:08.259209,378
60f7e53ee3ad5f78,https://ni.linkedin.com/jobs/view/t%C3%A9cnico-mec%C3%A1nico-masaya-at-cargill-4434572561,Técnico Mecánico - Masaya,Cargill,posted,2026-07-08T23:51:19.583261,380
99c01926167271f6,https://ni.linkedin.com/jobs/view/qa-automation-engineer-node-js-distributed-systems-at-applaudo-4436130728,QA Automation Engineer (Node.js & Distributed Systems),,scraped,2026-07-08T23:51:22.171070,
8f696523fecc72b8,https://ni.linkedin.com/jobs/view/deal-desk-associate-at-remote-4438264690,Deal Desk Associate,Remote,posted,2026-07-08T23:51:42.071761,382
43f21c5301b3b381,https://ni.linkedin.com/jobs/view/freelance-interpreters-at-languageconnex-4438267894,Freelance Interpreters,LanguageConnex,posted,2026-07-08T23:52:06.821029,384
83deb835407afa40,https://ni.linkedin.com/jobs/view/representante-de-servicio-al-cliente-turno-tarde-noche-at-cargill-4434560841,Representante de Servicio al Cliente- Turno tarde/noche,Cargill,posted,2026-07-08T23:52:30.812152,386
9b05e726258ef442,https://ni.linkedin.com/jobs/view/lien-negotiator-at-hirehawk-4438274182,Lien Negotiator,HireHawk,posted,2026-07-08T23:52:44.669892,388
b0e633c2ecf8ac31,https://ni.linkedin.com/jobs/view/fullstack-developer-senior-python-django-%2B-react-remote-latin-america-at-bluelight-4437871127,"Fullstack Developer (Senior) - Python (Django) + React - Remote, Latin America",Bluelight,posted,2026-07-08T23:52:51.385462,144
c346f716b8db5431,https://ni.linkedin.com/jobs/view/senior-azure-cloud-engineer-at-applaudo-4438252493,Senior Azure Cloud Engineer,,scraped,2026-07-08T23:52:57.963722,
aadb344c96ef1233,https://ni.linkedin.com/jobs/view/t%C3%A9cnico-mec%C3%A1nico-masaya-at-cargill-4434566771,Técnico Mecánico - Masaya,Cargill,posted,2026-07-08T23:53:12.109752,390
a45cbd47fcb670c8,https://ni.linkedin.com/jobs/view/senior-azure-cloud-engineer-at-applaudo-4438259295,Senior Azure Cloud Engineer,,scraped,2026-07-08T23:53:20.753252,
54c5341f6de8c92c,https://ni.linkedin.com/jobs/view/social-media-marketing-specialist-at-amaze-4437318808,Social Media Marketing Specialist,Amaze,posted,2026-07-09T11:25:53.946065,392
e45223429573d6c4,https://ni.linkedin.com/jobs/view/criminal-defense-legal-assistant-at-horizon-premier-staffing-4438278799,Criminal Defense Legal Assistant,,scraped,2026-07-09T11:25:58.571312,
bbf1306e1447fd7e,https://ni.linkedin.com/jobs/view/analista-de-datos-at-ficohsa-banco-ni-4437312287,Analista de datos,,scraped,2026-07-09T11:26:20.268941,
8933ffc7650c2bb5,https://ni.linkedin.com/jobs/view/casetero-a-le%C3%B3n-at-cargill-4429568240,Casetero(a) - León,Cargill,posted,2026-07-09T11:27:18.846249,394
f40ea235307ba1ea,https://ni.linkedin.com/jobs/view/young-professional-%E2%80%93-learning-development-remote-work-at-bairesdev-4436594516,Young Professional – Learning & Development - Remote Work,BairesDev,posted,2026-07-09T11:27:28.762519,396
32be6ba08e481234,https://ni.linkedin.com/jobs/view/edec%C3%A1n-sucursales-managua-at-grupo-lafise-4437837283,Edecán - Sucursales Managua,Grupo LAFISE,posted,2026-07-09T11:28:34.743111,398
fa8293a8bcaca256,https://ni.linkedin.com/jobs/view/jefe-de-relaciones-laborales-at-empresa-confidencial-4438141615,Jefe de Relaciones Laborales,Empresa Confidencial,posted,2026-07-09T11:28:45.587817,400
b270ab0659ea20a5,https://ni.linkedin.com/jobs/view/especialista-de-transformacion-10058-49004-at-grupo-ficohsa-hn-4438110410,ESPECIALISTA DE TRANSFORMACION (10058) - 49004,Grupo Ficohsa HN,posted,2026-07-09T11:29:03.549713,402
ebee0842de6ac41f,https://ni.linkedin.com/jobs/view/operador-a-iqf-congelados-%C2%BF-masaya-1-at-cargill-4434574210,Operador (a) IQF (Congelados(¿) - Masaya) 1,Cargill,posted,2026-07-09T11:29:09.074306,54
29468dad79ed1700,https://ni.linkedin.com/jobs/view/operations-manager-at-ibex-4433112581,Operations Manager,ibex,posted,2026-07-09T11:29:28.468962,404
9fa2bc0be8c2f47c,https://ni.linkedin.com/jobs/view/spanish-bilingual-customer-service-specialist-at-talentpop-app-4434884397,Spanish Bilingual Customer Service Specialist,TalentPop App,posted,2026-07-09T11:29:43.611243,332
b35ac6caf193e16f,https://ni.linkedin.com/jobs/view/spanish-bilingual-customer-service-specialist-at-talentpop-app-4434890319,Spanish Bilingual Customer Service Specialist,TalentPop App,posted,2026-07-09T11:29:59.062994,332
e114d8111030f782,https://ni.linkedin.com/jobs/view/especialista-en-dise%C3%B1o-y-redes-sociales-at-confidential-4438545011,Especialista en Diseño y Redes Sociales,Confidential,posted,2026-07-09T11:30:11.162502,406
4f5cb92348d98e27,https://ni.linkedin.com/jobs/view/asesora-de-ventas-internas-at-comedsa-4438251097,Asesora de ventas internas,COMEDSA,posted,2026-07-09T11:30:52.114820,408
4931cdda44a8fa76,https://ni.linkedin.com/jobs/view/senior-security-data-scientist-python-remote-work-at-bairesdev-4437399871,Senior Security Data Scientist (Python) - Remote Work,BairesDev,posted,2026-07-09T11:31:20.662757,410
19be505ec7344c1d,https://ni.linkedin.com/jobs/view/product-security-engineer-remote-work-at-bairesdev-4437075058,Product Security Engineer - Remote Work,BairesDev,posted,2026-07-09T11:31:30.851981,412
c76a60ae20adfa60,https://ni.linkedin.com/jobs/view/agente-de-televentas-at-cargill-4423693134,Agente de Televentas,Cargill,posted,2026-07-09T11:31:44.035253,294
1bf6705f3c658e1d,https://ni.linkedin.com/jobs/view/executive-headhunter-remote-work-at-bairesdev-4437048522,Executive Headhunter - Remote Work,BairesDev,posted,2026-07-09T18:28:08.218085,414
ed27c80824c0d4a9,https://ni.linkedin.com/jobs/view/appointment-setter-cold-caller-at-hirehawk-4438274561,Appointment Setter / Cold Caller,HireHawk,posted,2026-07-09T18:28:23.501040,416
b22b54c62a597d18,https://ni.linkedin.com/jobs/view/spanish-content-editing-expert-remote-at-yo-it-consulting-4437724001,Spanish Content Editing Expert - Remote,,scraped,2026-07-09T18:28:36.153729,
69741d565932d372,https://ni.linkedin.com/jobs/view/brand-designer-b2b-saas-at-scale-up-recruiting-partners-4435785082,Brand Designer (B2B SaaS),Scale Up Recruiting Partners,posted,2026-07-09T18:28:53.235720,418
ff62e6daf6470625,https://ni.linkedin.com/jobs/view/virtual-executive-assistant-remote-at-viva-talent-4438685103,Virtual Executive Assistant (Remote),Viva Talent,posted,2026-07-09T18:29:04.333580,82
eee8b63abde7dfd9,https://ni.linkedin.com/jobs/view/repartidor-motorizado-nicaragua-at-grupo-d%C3%B6kka-4438574177,Repartidor Motorizado-Nicaragua,,scraped,2026-07-09T18:29:18.921963,
37ed4906fb3f272a,https://ni.linkedin.com/jobs/view/especialista-de-impacto-social-at-holcim-nicaragua-4403493494,Especialista de Impacto Social,,scraped,2026-07-09T18:29:27.530600,
dbdd7ddf0d46303d,https://ni.linkedin.com/jobs/view/bilingual-property-management-assistant-experience-with-property-management-is-required-at-workstaff360-4432880281,Bilingual Property Management Assistant(experience with property management is required),WorkStaff360,posted,2026-07-09T18:29:46.094335,420
ff679bb076e097b4,https://ni.linkedin.com/jobs/view/logisitcs-sales-agent-4438516641,Logisitcs Sales Agent,Passus Velox S.A.,posted,2026-07-09T18:30:00.594878,422
d1bb251a7551e93e,https://ni.linkedin.com/jobs/view/dise%C3%B1ador-grafico-jr-ux-ui-at-deloitte-4438674779,Diseñador grafico Jr UX/UI,Deloitte,posted,2026-07-09T18:30:30.043881,424
43af4da404b2bfb3,https://ni.linkedin.com/jobs/view/t%C3%A9cnico-de-servicio-at-diebold-nixdorf-4417617073,Técnico de Servicio,Diebold Nixdorf,posted,2026-07-09T18:30:41.632353,426
2380bced4249cc53,https://ni.linkedin.com/jobs/view/auditor-junior-at-empresa-confidencial-4437329114,Auditor Junior,Empresa Confidencial,posted,2026-07-09T18:31:01.085119,428
54c83aac65b594a9,https://ni.linkedin.com/jobs/view/ai-training-data-intern-%246-hr-remote-at-crossing-hurdles-4437541611,AI Training Data Intern | $6/hr Remote,Crossing Hurdles,posted,2026-07-09T18:31:19.718055,430
79eefaa7a1a1d84d,https://ni.linkedin.com/jobs/view/medical-doctor-at-del-mar-health-4438256509,Medical Doctor,Del Mar Health,posted,2026-07-09T18:31:42.134126,432
9a9f98dd1f1277d6,https://ni.linkedin.com/jobs/view/legal-assistant-%E2%80%93-chapter-13-bankruptcy-at-horizon-premier-staffing-4438280769,Legal Assistant – Chapter 13 Bankruptcy,,scraped,2026-07-09T18:31:46.795247,
35cbd6ea22355a22,https://ni.linkedin.com/jobs/view/recruiting-manager-remote-work-at-bairesdev-4437066697,Recruiting Manager - Remote Work,BairesDev,posted,2026-07-09T18:32:04.664892,434
73c1d41965254883,https://ni.linkedin.com/jobs/view/spanish-bilingual-customer-service-specialist-at-talentpop-app-4434878496,Spanish Bilingual Customer Service Specialist,TalentPop App,posted,2026-07-09T18:32:20.447405,332
63eddd6c89ced19c,https://ni.linkedin.com/jobs/view/auxiliary-general-services-at-dhl-express-4437866896,Auxiliary General Services,DHL Express,posted,2026-07-09T18:32:39.974939,436
3560b4176a97f114,https://ni.linkedin.com/jobs/view/staff-gcr-nicaragua-at-ey-4428073442,Staff  GCR Nicaragua,EY,posted,2026-07-09T18:32:57.676691,438
e625dc7f1f985569,https://ni.linkedin.com/jobs/view/personal-para-corte-y-empaque-masaya-at-cargill-4434562852,Personal para Corte y Empaque - Masaya,Cargill,posted,2026-07-09T18:33:11.995309,440
c4cb1eab5b14bdff,https://ni.linkedin.com/jobs/view/operador-a-iqf-congelados-masaya-at-cargill-4435903335,Operador (a) IQF (Congelados) - Masaya),Cargill,posted,2026-07-09T18:33:30.774227,328
b28eee80635b20ac,https://ni.linkedin.com/jobs/view/technical-support-representative-at-ibex-4308500260,Technical Support Representative,ibex,posted,2026-07-09T18:33:54.307727,442
fcaa828026e89cd3,https://ni.linkedin.com/jobs/view/auxiliar-de-bodega-chinandega-at-cargill-4438683027,Auxiliar de Bodega - Chinandega,Cargill,posted,2026-07-09T18:34:12.628838,444
1ce121be53a34e4e,https://ni.linkedin.com/jobs/view/senior-security-scrum-master-remote-work-at-bairesdev-4437301636,Senior Security Scrum Master - Remote Work,BairesDev,posted,2026-07-09T18:34:23.324208,446
34edbf3eca3aed69,https://ni.linkedin.com/jobs/view/intake-team-lead-at-j-y-law-firm-4438680496,Intake Team Lead,J&amp;Y Law Firm,posted,2026-07-09T18:34:52.064235,448
9466e66d11ae8a53,https://ni.linkedin.com/jobs/view/senior-paid-media-specialist-google-ads-meta-ads-at-valpo-agency-4437588349,Senior Paid Media Specialist (Google Ads & Meta Ads),Valpo Agency,posted,2026-07-09T18:35:15.278511,450
58ce0cc613236dbb,https://ni.linkedin.com/jobs/view/t%C3%A9cnicos-de-soporte-en-sitio-niveles-l1-l2-y-l3-at-servicio-latam-4438643324,"Técnicos de Soporte en Sitio Niveles L1, L2 y L3",,scraped,2026-07-09T18:35:25.977423,
3e42b009d9e1fe5f,https://ni.linkedin.com/jobs/view/asesor-de-fondos-de-inversi%C3%B3n-modalidad-independiente-at-grupo-invercasa-4438679963,Asesor de Fondos de Inversión (Modalidad Independiente),,scraped,2026-07-09T18:35:34.568828,
dce41bfe9ebd693f,https://ni.linkedin.com/jobs/view/smartphone-task-expert-%246-hr-remote-at-crossing-hurdles-4437530974,Smartphone Task Expert | $6/hr Remote,Crossing Hurdles,posted,2026-07-09T18:35:53.414813,452
746c9d39a0930597,https://ni.linkedin.com/jobs/view/spanish-bilingual-customer-service-specialist-at-talentpop-app-4434891163,Spanish Bilingual Customer Service Specialist,TalentPop App,scraped,2026-07-09T18:36:09.718549,
abf14b5b0eaddd64,https://ni.linkedin.com/jobs/view/spanish-bilingual-customer-service-specialist-at-talentpop-app-4434892129,Spanish Bilingual Customer Service Specialist,TalentPop App,scraped,2026-07-09T18:36:15.880386,
7202280c235e597f,https://ni.linkedin.com/jobs/view/digital-marketing-assistant-at-j-y-law-firm-4438694943,Digital Marketing Assistant,J&amp;Y Law Firm,posted,2026-07-09T23:55:50.104803,454
4006754dd75a0bf8,https://ni.linkedin.com/jobs/view/responsable-de-recursos-humanos-4438840402,Responsable de recursos humanos,Telcmax,posted,2026-07-09T23:56:06.454713,456
39e4e970f8ab2b65,https://ni.linkedin.com/jobs/view/gerente-comercial-at-distelsa-distribuidora-de-materiales-para-telecomunicaciones-s-a-4438827055,Gerente comercial,,scraped,2026-07-09T23:56:19.051435,
416059736b47e4de,https://ni.linkedin.com/jobs/view/vacante-ejecutivo-a-de-proyectos-ecommerce-at-alfa-nicaragua-4438823088,Vacante: Ejecutivo(a) de Proyectos eCommerce,,scraped,2026-07-09T23:56:25.656630,
9b4d9211a1a2f04e,https://ni.linkedin.com/jobs/view/coordinador-a-del-proyecto-de-desarrollo-comunitario-rural-en-boaco-nicaragua-at-world-renew-4438834628,"Coordinador(a) del Proyecto de Desarrollo Comunitario Rural en Boaco, Nicaragua",World Renew,posted,2026-07-09T23:56:49.017577,458
6b4241d39489ca78,https://ni.linkedin.com/jobs/view/supervisor-a-de-area-at-cargill-4434893915,Supervisor(a) de Area,Cargill,posted,2026-07-09T23:57:06.132816,460
fdd5a37903f3f818,https://ni.linkedin.com/jobs/view/recibidor-despachador-at-cargill-4430496719,Recibidor despachador,Cargill,posted,2026-07-09T23:57:18.944536,282
9d6ade7ea8b59567,https://ni.linkedin.com/jobs/view/seleccionador-a-de-productos-masaya-at-cargill-4430488840,Seleccionador (a) de Productos - Masaya,Cargill,posted,2026-07-09T23:57:33.533031,462
3279a2e0ecbb9f0f,https://ni.linkedin.com/jobs/view/operario-a-de-limpieza-de-silos-chinandega-at-cargill-4430489773,Operario(a) de Limpieza de Silos - Chinandega,Cargill,posted,2026-07-09T23:58:01.990046,464
ce4e695470827c8e,https://ni.linkedin.com/jobs/view/operations-manager-at-cs-outsource-4437583387,Operations Manager,CS Outsource,posted,2026-07-09T23:58:13.088465,404
09886119f372b835,https://ni.linkedin.com/jobs/view/spanish-bilingual-customer-service-specialist-at-talentpop-app-4434891223,Spanish Bilingual Customer Service Specialist,TalentPop App,posted,2026-07-09T23:58:19.843971,332
eacd3f935b924f89,https://ni.linkedin.com/jobs/view/asistente-administrativo-agencia-directa-matagalpa-at-mapfre-4438812160,ASISTENTE ADMINISTRATIVO - AGENCIA DIRECTA MATAGALPA,,scraped,2026-07-09T23:58:34.285547,
8835d5087b5cb0f5,https://ni.linkedin.com/jobs/view/operador-a-de-producci%C3%B3n-corte-y-empaque-masaya-at-cargill-4438661941,Operador(a) de Producción -  Corte y empaque (Masaya),Cargill,posted,2026-07-09T23:59:14.350528,466
16e0e16a91d6126a,https://ni.linkedin.com/jobs/view/senior-devsecops-engineer-remote-work-at-bairesdev-4437303282,Senior DevSecOps Engineer - Remote Work,BairesDev,posted,2026-07-09T23:59:30.922887,468
d5fc7b5e2a605c4f,https://ni.linkedin.com/jobs/view/procurement-specialist-ii-at-remitly-4438823934,Procurement Specialist II,Remitly,posted,2026-07-09T23:59:50.404195,470
45e3745faa1be4e4,https://ni.linkedin.com/jobs/view/corporate-travel-and-mobility-agent-remote-work-at-bairesdev-4437070891,Corporate Travel and Mobility Agent - Remote Work,BairesDev,posted,2026-07-10T00:00:26.203860,472
4915ecf68d15bf2a,https://ni.linkedin.com/jobs/view/spanish-bilingual-customer-service-specialist-at-talentpop-app-4434878593,Spanish Bilingual Customer Service Specialist,TalentPop App,scraped,2026-07-10T00:01:00.319681,
c69e6bb22ca738ec,https://ni.linkedin.com/jobs/view/spanish-bilingual-customer-service-specialist-at-talentpop-app-4434884417,Spanish Bilingual Customer Service Specialist,TalentPop App,scraped,2026-07-10T00:01:04.631467,
8ae903008e97e5ca,https://ni.linkedin.com/jobs/view/spanish-bilingual-customer-service-specialist-at-talentpop-app-4434887535,Spanish Bilingual Customer Service Specialist,TalentPop App,scraped,2026-07-10T00:01:10.759194,
02447a776f3643be,https://ni.linkedin.com/jobs/view/sales-development-representative-at-berkeley-skydeck-decal-4437986056,Sales Development Representative,Berkeley SkyDeck Decal,posted,2026-07-10T11:24:09.765498,474
bafd95ebadee75b3,https://ni.linkedin.com/jobs/view/administrative-assistant-nicaragua-at-core-code-io-4437043713,Administrative Assistant Nicaragua,Core Code io,posted,2026-07-10T11:24:24.735893,476
663066022f79516a,https://ni.linkedin.com/jobs/view/administrative-assistant-nic-at-core-code-io-4437039840,Administrative Assistant NIC,Core Code io,posted,2026-07-10T11:24:42.028468,478
bce12d6c6712b304,https://ni.linkedin.com/jobs/view/architect-autocad-drafter-at-the-a-career-4438858191,Architect - AutoCAD Drafter,The A Career,posted,2026-07-10T11:24:50.357332,480
ae2f16defe9c3590,https://ni.linkedin.com/jobs/view/auxiliar-de-bodega-managua-at-cbc-4435905759,Auxiliar de Bodega Managua,cbc,posted,2026-07-10T11:25:04.424830,482
887404a387a234bf,https://ni.linkedin.com/jobs/view/ejecutivo-de-ventas-at-dhl-global-forwarding-4438829061,Ejecutivo de Ventas,DHL Global Forwarding,posted,2026-07-10T11:26:27.618782,484
b25098fb6674c50e,https://ni.linkedin.com/jobs/view/auxiliar-de-distribuci%C3%B3n-reparto-nicaragua-at-grupo-d%C3%B6kka-4438575141,Auxiliar de Distribución - Reparto (Nicaragua),,scraped,2026-07-10T11:26:32.278574,
77fc5f2aea87aa9f,https://ni.linkedin.com/jobs/view/personal-auxiliar-de-contabilidad-at-innovoo-nicaragua-4437963094,Personal auxiliar de contabilidad,Innovoo Nicaragua,posted,2026-07-10T11:26:49.947404,486
5800fab624793560,https://ni.linkedin.com/jobs/view/representante-de-servicio-al-cliente-at-cargill-4430494710,Representante de Servicio al Cliente,Cargill,posted,2026-07-10T11:26:55.902717,312
a5fa794007d26fbf,https://ni.linkedin.com/jobs/view/gerente-comercial-seguros-at-wtw-4437593499,Gerente Comercial Seguros,WTW,posted,2026-07-10T11:27:16.328419,488
da4277d79de9a6ee,https://ni.linkedin.com/jobs/view/spanish-bilingual-customer-service-specialist-at-talentpop-app-4434882435,Spanish Bilingual Customer Service Specialist,TalentPop App,posted,2026-07-10T11:27:28.490793,332
83a32fc728078a7e,https://ni.linkedin.com/jobs/view/spanish-bilingual-customer-service-specialist-at-talentpop-app-4434874778,Spanish Bilingual Customer Service Specialist,TalentPop App,posted,2026-07-10T11:27:38.681542,332
97ea4487973cb1b7,https://ni.linkedin.com/jobs/view/spanish-bilingual-customer-service-specialist-at-talentpop-app-4434888402,Spanish Bilingual Customer Service Specialist,TalentPop App,scraped,2026-07-10T11:27:42.832729,
0b7060f4f1a4e0dd,https://ni.linkedin.com/jobs/view/spanish-bilingual-customer-service-specialist-at-talentpop-app-4434892245,Spanish Bilingual Customer Service Specialist,TalentPop App,scraped,2026-07-10T11:27:47.057255,
a3ff08b6ab0aa1f7,https://ni.linkedin.com/jobs/view/spanish-bilingual-customer-service-specialist-at-talentpop-app-4434876542,Spanish Bilingual Customer Service Specialist,TalentPop App,scraped,2026-07-10T11:27:51.331957,
9842b2a28a3d9c24,https://ni.linkedin.com/jobs/view/spanish-bilingual-customer-service-specialist-at-talentpop-app-4434877506,Spanish Bilingual Customer Service Specialist,TalentPop App,scraped,2026-07-10T11:27:55.694125,
226cc14f7d242999,https://ni.linkedin.com/jobs/view/spanish-bilingual-customer-service-specialist-at-talentpop-app-4434872595,Spanish Bilingual Customer Service Specialist,TalentPop App,scraped,2026-07-10T11:27:59.931822,
5da00f230cd21b09,https://ni.linkedin.com/jobs/view/operador-a-de-despacho-masaya-at-cargill-4434570613,Operador(a) de Despacho -  Masaya,Cargill,posted,2026-07-10T11:28:25.597947,490
836797a3ca370567,https://ni.linkedin.com/jobs/view/records-clerk-case-manager-assistant-at-j-y-law-firm-4438695546,Records Clerk / Case Manager Assistant,J&amp;Y Law Firm,posted,2026-07-10T11:28:39.754495,492
b3725325bf2226fc,https://ni.linkedin.com/jobs/view/supervisor-a-de-area-at-cargill-4435612233,Supervisor(a) de Area,Cargill,posted,2026-07-10T11:29:18.317620,494
e65529561d80888e,https://ni.linkedin.com/jobs/view/supervisor-a-de-operaciones-proceso-at-cargill-4434563747,Supervisor(a) de Operaciones-Proceso,Cargill,posted,2026-07-10T11:29:34.011043,496
8a807df67a2f3077,https://ni.linkedin.com/jobs/view/french-bilingual-customer-service-specialist-at-talentpop-app-4434870865,French Bilingual Customer Service Specialist,TalentPop App,posted,2026-07-10T11:29:41.040126,340
9d33833adab94e39,https://ni.linkedin.com/jobs/view/spanish-bilingual-customer-service-specialist-at-talentpop-app-4434892168,Spanish Bilingual Customer Service Specialist,TalentPop App,posted,2026-07-10T11:29:48.023833,332
2c38eccea290942d,https://ni.linkedin.com/jobs/view/spanish-bilingual-customer-service-specialist-at-talentpop-app-4434881350,Spanish Bilingual Customer Service Specialist,TalentPop App,scraped,2026-07-10T11:29:52.228654,
c214eb55aa323e0c,https://ni.linkedin.com/jobs/view/spanish-bilingual-customer-service-specialist-at-talentpop-app-4434883426,Spanish Bilingual Customer Service Specialist,TalentPop App,scraped,2026-07-10T11:29:56.431129,
34febb0fee53c4f6,https://ni.linkedin.com/jobs/view/spanish-bilingual-customer-service-specialist-at-talentpop-app-4434871733,Spanish Bilingual Customer Service Specialist,TalentPop App,scraped,2026-07-10T11:30:00.638144,
dca98cf65f556abd,https://ni.linkedin.com/jobs/view/spanish-bilingual-customer-service-specialist-at-talentpop-app-4434872577,Spanish Bilingual Customer Service Specialist,TalentPop App,scraped,2026-07-10T11:30:04.977482,
564b0e8fdf9da7ee,https://ni.linkedin.com/jobs/view/spanish-bilingual-customer-service-specialist-at-talentpop-app-4434874791,Spanish Bilingual Customer Service Specialist,TalentPop App,scraped,2026-07-10T11:30:09.298573,
445fa6747ece720c,https://ni.linkedin.com/jobs/view/spanish-bilingual-customer-service-specialist-at-talentpop-app-4434877667,Spanish Bilingual Customer Service Specialist,TalentPop App,scraped,2026-07-10T11:30:13.503799,
9d16b49530e5d0b2,https://ni.linkedin.com/jobs/view/operador-a-de-producci%C3%B3n-corte-y-empaque-masaya-at-cargill-4435948413,Operador(a) de Producción -  Corte y empaque (Masaya),Cargill,posted,2026-07-10T11:30:32.893517,498
029aeb6d5a232da8,https://ni.linkedin.com/jobs/view/t%C3%A9cnico-en-refrigeraci%C3%B3n-industrial-at-integraone-solutions-4437927534,Técnico en Refrigeración Industrial,,scraped,2026-07-10T11:30:41.564030,
81a8dcaa8f44f571,https://ni.linkedin.com/jobs/view/ai-engineer-mobile-remote-work-at-bairesdev-4436811340,AI Engineer (Mobile) - Remote Work,BairesDev,posted,2026-07-10T11:31:02.619138,500
b1152d4d5b301c70,https://ni.linkedin.com/jobs/view/representante-de-servicio-al-cliente-turno-tarde-noche-at-cargill-4430484874,Representante de Servicio al Cliente- Turno tarde/noche,Cargill,posted,2026-07-10T11:31:17.700059,386
78a63a199a1de052,https://ni.linkedin.com/jobs/view/supervisor-de-ventas-4438280575,Supervisor de ventas,Sierras de paz S. A,posted,2026-07-10T11:31:38.347457,502
30f4fcf76d8a7736,https://ni.linkedin.com/jobs/view/operations-specialist-at-skill-cloud-staffing-4438862563,Operations Specialist,Skill Cloud Staffing,posted,2026-07-10T18:10:21.711547,504
3e9735adbb0bed35,https://ni.linkedin.com/jobs/view/salesforce-administrator-at-oremota-4435933832,Salesforce Administrator,Oremota,posted,2026-07-10T18:10:30.942539,506
a2ac4b48d5de39dc,https://ni.linkedin.com/jobs/view/community-manager-at-nara-consultores-4439314669,Community Manager,,scraped,2026-07-10T18:11:03.689536,
4ff8c57b947cf390,https://ni.linkedin.com/jobs/view/customer-care-and-sales-associate-remote-at-valatam-4438645407,Customer Care and Sales Associate (Remote),Valatam,posted,2026-07-10T18:11:38.935592,508
a1c2aa0bfce91d3b,https://ni.linkedin.com/jobs/view/asesor-de-telemercadeo-at-grupo-rio-4439085913,Asesor de Telemercadeo,Grupo Rio,posted,2026-07-10T18:12:10.599423,510
344aebb52c36923a,https://ni.linkedin.com/jobs/view/spanish-bilingual-customer-service-specialist-at-talentpop-app-4434874763,Spanish Bilingual Customer Service Specialist,TalentPop App,posted,2026-07-10T18:12:35.979121,332
6b9d285af8d6e8a8,https://ni.linkedin.com/jobs/view/asesor-de-ventas-casa-a-casa-leon-at-ac-talentos-4436259848,ASESOR DE VENTAS CASA A CASA Leon,AC Talentos,posted,2026-07-10T18:12:58.455531,512
3d10dced675ad641,https://ni.linkedin.com/jobs/view/cocinero-a-masaya-at-cargill-4420469015,Cocinero(a) - Masaya,Cargill,posted,2026-07-10T18:13:21.733398,514
d76070f616ddc916,https://ni.linkedin.com/jobs/view/global-kyc-manager-at-remitly-4430740852,Global KYC Manager,Remitly,posted,2026-07-10T18:13:55.690058,516
acb396496828e2ef,https://ni.linkedin.com/jobs/view/intake-specialist-at-virtual-staffing-careers-4435668767,Intake Specialist,Virtual Staffing Careers,posted,2026-07-10T18:14:09.245815,518
9bdf047de11a8b6d,https://ni.linkedin.com/jobs/view/agente-vendedor-estel%C3%AD-nicaragua-at-grupo-d%C3%B6kka-4438570253,Agente Vendedor-Estelí (Nicaragua),,scraped,2026-07-10T18:14:11.743418,
90f31640a8f8bd60,https://ni.linkedin.com/jobs/view/french-bilingual-customer-service-specialist-at-talentpop-app-4434871739,French Bilingual Customer Service Specialist,TalentPop App,posted,2026-07-10T18:14:25.624522,340
60a657fed4666762,https://ni.linkedin.com/jobs/view/virtual-customer-service-representative-at-valatam-4439318689,Virtual Customer Service Representative,Valatam,posted,2026-07-10T18:15:06.393910,520
6c80b5484ac765f6,https://ni.linkedin.com/jobs/view/jefe-de-ventas-at-grupo-q-4439081642,Jefe de Ventas,,scraped,2026-07-10T18:15:08.950363,
b16275487d9d7c9b,https://ni.linkedin.com/jobs/view/personal-para-deshuese-masaya-at-cargill-4439319125,Personal para Deshuese - Masaya,Cargill,posted,2026-07-10T18:15:43.651004,522
4db158f63e8d125f,https://ni.linkedin.com/jobs/view/wfm-real-time-analyst-at-ibex-4434881024,WFM Real Time Analyst,ibex,posted,2026-07-10T18:16:16.294548,524
9d18b63354dc77b5,https://ni.linkedin.com/jobs/view/history-cultural-context-specialist-intermediate-ai-community-4439325016,History & Cultural Context Specialist - Intermediate (AI Community),TELUS International AI Data Solutions,posted,2026-07-10T18:16:34.898889,526
6f559078f386042c,https://ni.linkedin.com/jobs/view/motorista-ii-incubadora-ricasa-at-cargill-4420460532,Motorista II - Incubadora Ricasa,Cargill,posted,2026-07-10T18:16:45.067741,234
19c05c6eba106f89,https://ni.linkedin.com/jobs/view/ai-safety-policy-expert-ai-community-4439316590,AI Safety & Policy Expert (AI Community),TELUS International AI Data Solutions,posted,2026-07-10T18:17:09.473095,528
934731bf51c3fe04,https://ni.linkedin.com/jobs/view/materials-engineering-expert-ai-community-4439310797,Materials Engineering Expert (AI Community),TELUS International AI Data Solutions,posted,2026-07-10T18:17:36.809523,530
4c557e95df2ede0e,https://ni.linkedin.com/jobs/view/jefe-de-cocina-masaya-at-cargill-4411647868,Jefe de Cocina - Masaya,Cargill,posted,2026-07-10T18:17:47.780567,242
3626cd29570376ce,https://ni.linkedin.com/jobs/view/coordinador-de-servicio-al-cliente-at-grupo-q-4439084585,Coordinador de Servicio al Cliente,,scraped,2026-07-10T23:18:22.599971,
587d4216c828076f,https://ni.linkedin.com/jobs/view/coordinador-a-de-control-de-calidad-masatepe-at-gildan-4438517545,Coordinador (a) de Control de Calidad - Masatepe,,scraped,2026-07-10T23:18:32.776791,
7788858296102520,https://ni.linkedin.com/jobs/view/jefe-centro-de-servicios-compartidos-pais-at-grupo-q-4439080661,Jefe Centro de Servicios Compartidos Pais,,scraped,2026-07-10T23:18:40.798530,
407ced17485ba934,https://ni.linkedin.com/jobs/view/supervisor-de-cosm%C3%A9ticos-at-almacenes-siman-4439327500,Supervisor de Cosméticos,,scraped,2026-07-10T23:18:50.046208,
1da2e83cffce2cf5,https://ni.linkedin.com/jobs/view/senior-finance-associate-at-world-food-programme-4439311847,Senior Finance Associate,,scraped,2026-07-10T23:19:14.984137,
ccb6bc7dab41d54a,https://ni.linkedin.com/jobs/view/gestor-a-de-recursos-humanos-at-st-mary-school-4439314221,Gestor/a de Recursos Humanos,,scraped,2026-07-10T23:19:24.812333,
271bf46f2f62e08c,https://ni.linkedin.com/jobs/view/crm-sr-analyst-at-pedidosya-4418852603,CRM Sr Analyst,,scraped,2026-07-10T23:19:37.797265,
0289f0c2d34a619b,https://ni.linkedin.com/jobs/view/real-estate-virtual-assistant-at-high-falls-sotheby-s-international-realty-4439357342,Real Estate Virtual Assistant,High Falls | Sotheby's International Realty,posted,2026-07-10T23:20:11.185815,532
f7b1242ae3967fb7,https://ni.linkedin.com/jobs/view/corporate-english-trainer-spanish-bilingual-at-gofluent-4437974703,Corporate English Trainer (Spanish Bilingual),,scraped,2026-07-10T23:20:19.819632,
5451ba319ff4bc1d,https://ni.linkedin.com/jobs/view/collections-representative-at-the-a-career-4438841812,Collections Representative,The A Career,posted,2026-07-10T23:20:33.981614,534
19c1ee2a67a9cd0f,https://ni.linkedin.com/jobs/view/ejecutivo-de-venta-zona-sur-at-grupo-lafise-4438283311,Ejecutivo de venta - Zona Sur,Grupo LAFISE,posted,2026-07-10T23:20:51.315264,536
73d0ffc125e52185,https://ni.linkedin.com/jobs/view/customer-support-specialist-at-veta-virtual-4439373409,Customer Support Specialist,,scraped,2026-07-10T23:20:53.956103,
a46383457fc81ead,https://ni.linkedin.com/jobs/view/suscripci%C3%B3n-ramos-personales-at-assa-compa%C3%B1ia-de-seguros-4438375014,Suscripción Ramos Personales,ASSA Compañia de Seguros,posted,2026-07-10T23:21:11.796735,538
08bb0e8783f91499,https://ni.linkedin.com/jobs/view/operario-a-de-limpieza-chinandega-at-cargill-4430496720,Operario(a) de Limpieza - Chinandega,Cargill,posted,2026-07-10T23:21:41.945126,540
69e012fa736ce7ee,https://ni.linkedin.com/jobs/view/e-commerce-listing-designer-and-optimizer-at-the-a-career-4438847849,E-commerce Listing Designer and Optimizer,The A Career,posted,2026-07-10T23:21:56.204054,542
ca9cd15ea069a1fc,https://ni.linkedin.com/jobs/view/operations-coordinator-at-cs-outsource-4437309616,Operations Coordinator,CS Outsource,posted,2026-07-10T23:22:12.281968,544
4d3325b830d842fe,https://ni.linkedin.com/jobs/view/senior-accounting-manager-at-veta-virtual-4439376194,Senior Accounting Manager,,scraped,2026-07-10T23:22:19.013021,
77ecff44659f821c,https://ni.linkedin.com/jobs/view/operador-a-iqf-congelado-masaya-at-cargill-4411639997,Operador(a) IQF (Congelado) -  Masaya,Cargill,posted,2026-07-10T23:22:37.735526,546
1e919993b23144cf,https://ni.linkedin.com/jobs/view/budget-programming-assistant-at-world-food-programme-4439375473,Budget & Programming Assistant,,scraped,2026-07-10T23:23:20.421597,
318c04be99447205,https://ni.linkedin.com/jobs/view/banco-de-talento-representante-de-control-integrado-de-plagas-managua-masaya-nicaragua-at-ecolab-4389922401,"Banco de Talento: Representante de control integrado de plagas - Managua/Masaya, Nicaragua",Ecolab,posted,2026-07-10T23:23:41.205676,548
b555506e66ab6645,https://ni.linkedin.com/jobs/view/paid-search-social-specialist-at-veta-virtual-4439366823,Paid Search & Social Specialist,,scraped,2026-07-10T23:23:43.847643,
4b562bcd0e94400f,https://ni.linkedin.com/jobs/view/entregador-a-de-productos-chinandega-at-cargill-4410993909,Entregador(a) de Productos - Chinandega,Cargill,posted,2026-07-10T23:24:02.862154,550
ed354999fdd7e2f0,https://ni.linkedin.com/jobs/view/voice-speech-ai-expert-ai-community-4439323093,Voice & Speech AI Expert (AI Community),TELUS International AI Data Solutions,posted,2026-07-10T23:24:09.087533,92
21a5315a39ad26ec,https://ni.linkedin.com/jobs/view/pasante-de-medio-ambiente-at-holcim-nicaragua-4438359749,Pasante de Medio Ambiente,,scraped,2026-07-10T23:24:23.751129,
fa88f9d760d9720f,https://ni.linkedin.com/jobs/view/vacancy-notice-job-title-secretary-m-f-x-local-agent-group-iii-at-eubam-libya-4439390712,VACANCY NOTICE-JOB TITLE: SECRETARY (M/F/X) LOCAL AGENT GROUP III,,scraped,2026-07-11T07:22:59.766862,
d3e44d5756cef552,https://ni.linkedin.com/jobs/view/digital-marketing-strategist-at-elite-online-media-4439392362,Digital Marketing Strategist,Elite Online Media,posted,2026-07-11T07:23:31.260464,552
d86fe605215e0ffa,https://ni.linkedin.com/jobs/view/gerente-de-modelamiento-y-recursos-minerales-ubicaci%C3%B3n-en-nicaragua-at-equinox-gold-corp-4438375485,Gerente de Modelamiento y Recursos Minerales (Ubicación en Nicaragua),,scraped,2026-07-11T07:23:45.865474,
842db4843b6023ef,https://ni.linkedin.com/jobs/view/senior-solutions-consultant-global-payroll-amer-at-remote-4439389043,"Senior Solutions Consultant - Global Payroll, AMER",Remote,posted,2026-07-11T07:24:05.695844,554
eae1847c573c573b,https://ni.linkedin.com/jobs/view/jss-icterritory-representative-at-milwaukee-tool-4363003241,JSS / ICTerritory Representative,Milwaukee Tool,posted,2026-07-11T07:24:19.197601,556
388fb1b1e83e79e4,https://ni.linkedin.com/jobs/view/banco-de-talento-representante-de-control-integrado-de-plagas-managua-masaya-nicaragua-at-ecolab-4389923330,"Banco de Talento: Representante de control integrado de plagas - Managua/Masaya, Nicaragua",Ecolab,posted,2026-07-11T07:24:28.831311,558
44f7a19916dce2cf,https://ni.linkedin.com/jobs/view/asistente-de-impuesto-nic-at-ey-4428073442,Asistente de impuesto Nic,EY,posted,2026-07-11T07:24:40.989368,560
cff3f74cc30c90a7,https://ni.linkedin.com/jobs/view/virtual-executive-assistant-remote-at-viva-talent-4439311483,Virtual Executive Assistant (Remote),Viva Talent,posted,2026-07-11T07:24:57.834549,82
78112da809db4113,https://ni.linkedin.com/jobs/view/supervisor-at-ibex-4436605864,Supervisor,ibex,posted,2026-07-11T07:25:44.746238,562
f4fa6a4da2d7a7e3,https://ni.linkedin.com/jobs/view/video-recording-expert-%246-hr-remote-at-crossing-hurdles-4437980117,Video Recording Expert | $6/hr Remote,Crossing Hurdles,posted,2026-07-11T07:26:13.989177,564
b64087e68c2a1599,https://ni.linkedin.com/jobs/view/devops-engineer-ni-at-core-code-io-4438377893,DevOps Engineer NI,Core Code io,posted,2026-07-11T07:26:27.303118,566
68f3a3c909693362,https://ni.linkedin.com/jobs/view/aseador-at-gildan-4390609430,Aseador,,scraped,2026-07-11T07:26:35.834935,
867e2e38d9775b0d,https://ni.linkedin.com/jobs/view/cloud-architect-gcp-at-applaudo-4439330459,Cloud Architect (GCP),,scraped,2026-07-11T07:26:54.268305,
2272f6bdf52a7c0a,https://ni.linkedin.com/jobs/view/ppc-strategist-at-elite-online-media-4439382928,PPC Strategist,Elite Online Media,posted,2026-07-11T07:27:23.217478,568
0147788266e5cc0d,https://ni.linkedin.com/jobs/view/staff-civil-engineer-emi-nicaragua-at-engineering-ministries-international-emi-south-africa-4439315783,"Staff Civil Engineer, EMI Nicaragua",Engineering Ministries International (EMI) South Africa,posted,2026-07-11T07:27:46.778106,570
3fc806ea6f9f6a6a,https://ni.linkedin.com/jobs/view/senior-seo-content-strategist-at-veta-virtual-4439376729,Senior SEO Content Strategist,,scraped,2026-07-11T07:27:53.389555,
d85a557e3a1ff47a,https://ni.linkedin.com/jobs/view/agente-televentas-at-cargill-4419907125,Agente Televentas,Cargill,posted,2026-07-11T07:28:12.853472,572
5f2a8c75ae89ba08,https://ni.linkedin.com/jobs/view/senior-seo-account-manager-at-veta-virtual-4439390577,Senior SEO Account Manager,,scraped,2026-07-11T07:28:23.437408,
05be61a786340097,https://ni.linkedin.com/jobs/view/spanish-bilingual-customer-service-specialist-at-talentpop-app-4434890193,Spanish Bilingual Customer Service Specialist,TalentPop App,posted,2026-07-11T07:28:35.891249,332
526fccbb5857d56f,https://ni.linkedin.com/jobs/view/remote-gig-for-videographers-%246-hr-remote-at-crossing-hurdles-4437964944,Remote Gig for Videographers | $6/hr Remote,Crossing Hurdles,posted,2026-07-11T07:29:01.480779,574
e3883a4c4c5f77df,https://ni.linkedin.com/jobs/view/cloud-architect-gcp-at-applaudo-4439323644,Cloud Architect (GCP),,scraped,2026-07-11T07:29:14.061943,
93d84ed77bf617cf,https://ni.linkedin.com/jobs/view/chofer-operador-log%C3%ADstico-at-dhl-express-4436293103,Chofer Operador Logístico,DHL Express,posted,2026-07-11T11:34:41.000800,576
f031124a9513b2fa,https://ni.linkedin.com/jobs/view/dise%C3%B1ador-ux-ui-ni-at-core-code-io-4438382711,Diseñador UX/UI NI,Core Code io,posted,2026-07-11T11:34:57.363765,578
6019c71172d2245a,https://ni.linkedin.com/jobs/view/people-culture-manager-at-world-vision-4438287815,People & Culture Manager,,scraped,2026-07-11T11:35:04.110963,
8cc7d801f0538ab4,https://ni.linkedin.com/jobs/view/dise%C3%B1ador-ux-ui-nic-at-core-code-io-4438385591,Diseñador UX/UI NIC,Core Code io,posted,2026-07-11T11:35:25.128316,580
bfdcf3635cb0ab45,https://ni.linkedin.com/jobs/view/operador-de-montacargas-cedis-at-cbc-4435996706,OPERADOR DE MONTACARGAS CEDIS,cbc,posted,2026-07-11T11:35:44.720804,582
64282eed9d260cdf,https://ni.linkedin.com/jobs/view/litigation-paralegal-legal-assistant-at-bluebook-helpers-4437597906,Litigation Paralegal / Legal Assistant,Bluebook Helpers,posted,2026-07-11T11:36:04.290556,584
e33ea08977526d8b,https://ni.linkedin.com/jobs/view/asistente-de-gerencia-at-staffing-solutions-group-4439509044,Asistente de Gerencia,Staffing Solutions Group,posted,2026-07-11T11:36:28.816304,586
4ef9714ff1714865,https://ni.linkedin.com/jobs/view/qa-tester-analista-qa-nicaragua-at-core-code-io-4438381724,QA / Tester (Analista QA) Nicaragua,Core Code io,posted,2026-07-11T11:36:56.139667,588
d553deab0b30e519,https://ni.linkedin.com/jobs/view/frontend-developer-nic-at-core-code-io-4438381725,Frontend Developer NIC,Core Code io,posted,2026-07-11T11:37:20.313100,590
6f04ac72498d3bf9,https://ni.linkedin.com/jobs/view/senior-site-reliability-engineer-sre-remote-work-at-bairesdev-4437525723,Senior Site Reliability Engineer (SRE) - Remote Work,BairesDev,posted,2026-07-11T11:38:36.146402,592
d39a24fe9bf49817,https://ni.linkedin.com/jobs/view/customer-retention-representative-at-veta-virtual-4439371818,Customer Retention Representative,,scraped,2026-07-11T11:38:48.741339,
cb0617c7d47d5b83,https://ni.linkedin.com/jobs/view/supervisor-de-seguridad-y-medio-ambiente-nicaragua-masaya-at-cargill-4430977862,"Supervisor de Seguridad y Medio Ambiente (Nicaragua, Masaya)",Cargill,posted,2026-07-11T11:39:12.997621,168
7bbede5007f781c5,https://ni.linkedin.com/jobs/view/spanish-content-writer-remote-at-yo-it-consulting-4437939522,Spanish Content Writer - Remote,,scraped,2026-07-11T15:34:40.606573,
f7571627ef6846d4,https://ni.linkedin.com/jobs/view/virtual-executive-assistant-remote-at-viva-talent-4439561539,Virtual Executive Assistant (Remote),Viva Talent,posted,2026-07-11T15:35:13.652422,82
b46b954b69efda52,https://ni.linkedin.com/jobs/view/supervisor-de-turno-at-pedidosya-4430022445,Supervisor de turno,,scraped,2026-07-11T15:35:46.288581,
c9af8112d527c17f,https://ni.linkedin.com/jobs/view/sdr-sales-development-representative-ni-at-core-code-io-4438387583,SDR (Sales Development Representative) NI,Core Code io,posted,2026-07-11T15:36:11.715478,594
926ed37ad11b70e9,https://ni.linkedin.com/jobs/view/data-engineer-ni-at-core-code-io-4438377900,Data Engineer NI,Core Code io,posted,2026-07-11T15:36:25.584445,596
1c484ecdc5698fb2,https://ni.linkedin.com/jobs/view/backend-developer-ni-at-core-code-io-4438388516,Backend Developer NI,Core Code io,posted,2026-07-11T15:36:36.951708,598
ddc4dbef982ac35e,https://ni.linkedin.com/jobs/view/ai-content-marketing-specialist-saas-startup-at-scale-up-recruiting-partners-4438927108,AI Content Marketing Specialist - SaaS StartUp,Scale Up Recruiting Partners,posted,2026-07-11T15:36:57.581485,600
e87dca55b951917a,https://ni.linkedin.com/jobs/view/hrbp-at-tigo-nicaragua-4438664624,HRBP,Tigo Nicaragua,posted,2026-07-11T15:37:16.974326,602
615a180466643f62,https://ni.linkedin.com/jobs/view/contable-at-oremota-4439374141,Contable,Oremota,posted,2026-07-11T15:37:30.358613,604
971c15354922137d,https://ni.linkedin.com/jobs/view/conductor-de-gerencia-at-oce%C3%A1nica-internacional-nicaragua-4439568418,Conductor de Gerencia,Oceánica Internacional Nicaragua,posted,2026-07-11T18:40:29.229540,606
742ec5a25ee81fc6,https://ni.linkedin.com/jobs/view/staff-accountant-at-veta-virtual-4439366341,Staff Accountant,,scraped,2026-07-11T18:41:59.824446,
10cddf531bea4e80,https://ni.linkedin.com/jobs/view/operador-a-iqf-congelados-masaya-at-cargill-4434561846,Operador (a) IQF (Congelados- Masaya),Cargill,posted,2026-07-11T18:42:53.150294,328
e30348dea81abf55,https://ni.linkedin.com/jobs/view/personal-para-deshuese-masaya-at-cargill-4436617281,Personal para Deshuese - Masaya,Cargill,posted,2026-07-11T18:43:54.858374,522
aa4fea8674df266f,https://ni.linkedin.com/jobs/view/supervisor-de-operaciones-proceso-nicaragua-chinandega-at-cargill-4428506852,Supervisor de Operaciones-Proceso ( Nicaragua-Chinandega),Cargill,posted,2026-07-11T20:58:06.957545,608
4ca98024012ec201,https://ni.linkedin.com/jobs/view/pasante-de-control-de-calidad-at-holcim-nicaragua-4438377041,Pasante de Control de Calidad,,scraped,2026-07-11T20:58:29.561658,
ff338e551fb64e3f,https://ni.linkedin.com/jobs/view/sdr-sales-development-representative-nic-at-core-code-io-4438385585,SDR (Sales Development Representative) NIC,Core Code io,posted,2026-07-11T20:58:50.896225,610
5e5dec565ec66f21,https://ni.linkedin.com/jobs/view/vehicle-listing-verification-specialist-at-veta-virtual-4439423208,Vehicle Listing & Verification Specialist,,scraped,2026-07-13T17:04:18.456768,
21a0dce1ab9778ad,https://ni.linkedin.com/jobs/view/seo-coordinator-at-opticall-bpo-4439423456,SEO Coordinator,Opticall BPO,posted,2026-07-13T17:04:40.680645,612
d4e43c110417c61a,https://ni.linkedin.com/jobs/view/dise%C3%B1ador-ux-ui-nicaragua-at-core-code-io-4438972102,Diseñador UX/UI Nicaragua,Core Code io,posted,2026-07-13T17:04:57.026419,614
e6459747250186ac,https://ni.linkedin.com/jobs/view/remote-property-manager-at-allview-real-estate-4439001631,Remote Property Manager,AllView Real Estate,posted,2026-07-13T17:05:10.697162,616
05fcc51252806c09,https://ni.linkedin.com/jobs/view/executive-assistant-latam-at-veta-virtual-4439416418,Executive Assistant - LATAM,,scraped,2026-07-13T17:05:25.413610,
d77514f312d96058,https://ni.linkedin.com/jobs/view/analista-de-seguridad-de-aplicaciones-code-review-trabajo-remoto-ref%23296133-at-bairesdev-4432473018,Analista de Seguridad de Aplicaciones (Code Review) - Trabajo Remoto | REF#296133,BairesDev,posted,2026-07-13T17:05:39.537841,618
ba9905049ae1599e,https://ni.linkedin.com/jobs/view/marketing-campaign-specialist-at-pedidosya-4402757109,Marketing Campaign Specialist,,scraped,2026-07-13T17:05:46.188420,
8b0d199dccfb8121,https://ni.linkedin.com/jobs/view/technical-onboarding-specialist-nicaragua-at-dashclicks-4439149971,Technical Onboarding Specialist - Nicaragua,DashClicks,posted,2026-07-13T17:06:01.667932,620
d64a48fe4c28f9e9,https://ni.linkedin.com/jobs/view/sales-representative-at-vertu-agent-4439765461,Sales Representative,Vertu Agent,posted,2026-07-13T17:06:32.944451,622
4ac3c4f6b7c6e443,https://ni.linkedin.com/jobs/view/backend-developer-nic-at-core-code-io-4438973074,Backend Developer NIC,Core Code io,posted,2026-07-13T17:06:55.748921,624
02b72cb3993c3668,https://ni.linkedin.com/jobs/view/business-developer-ejecutivo-comercial-account-executive-nicaragua-at-core-code-io-4438974042,Business Developer / Ejecutivo Comercial / Account Executive Nicaragua,Core Code io,posted,2026-07-13T17:07:08.840264,626
da029d5919c26dbb,https://ni.linkedin.com/jobs/view/mecanico-b-at-gildan-4402056544,Mecanico B,,scraped,2026-07-13T17:07:11.212912,
461892625f291adf,https://ni.linkedin.com/jobs/view/fullstack-developer-nicaragua-at-core-code-io-4438961317,Fullstack Developer Nicaragua,Core Code io,posted,2026-07-13T17:07:35.014647,628
80d25a69cc36af1d,https://ni.linkedin.com/jobs/view/sdr-sales-development-representative-nicaragua-at-core-code-io-4438962342,SDR (Sales Development Representative) Nicaragua,Core Code io,posted,2026-07-13T17:07:45.807709,630
9ef078d02c3a6535,https://ni.linkedin.com/jobs/view/backend-developer-nicaragua-at-core-code-io-4438956454,Backend Developer Nicaragua,Core Code io,posted,2026-07-13T17:07:59.967593,632
2cf15bc1d73342da,https://ni.linkedin.com/jobs/view/hr-specialist-at-veta-virtual-4439410639,HR Specialist,,scraped,2026-07-13T17:08:04.444607,
eac00fd75e5f9cf6,https://ni.linkedin.com/jobs/view/oficial-centro-de-contacto-integral-at-bac-4437876824,Oficial Centro de Contacto integral,,scraped,2026-07-13T17:08:12.685991,
f7202d6999b5e39b,https://ni.linkedin.com/jobs/view/devops-engineer-nicaragua-at-core-code-io-4439112502,DevOps Engineer Nicaragua,Core Code io,posted,2026-07-13T17:08:56.237771,634
b441632e34ca3d69,https://ni.linkedin.com/jobs/view/senior-accounting-manager-at-veta-virtual-4439422287,Senior Accounting Manager,,scraped,2026-07-13T17:09:10.943435,
6f5e7bb6e8994b4a,https://ni.linkedin.com/jobs/view/marketing-specialist-at-cs-outsource-4438357791,Marketing Specialist,CS Outsource,posted,2026-07-13T17:09:32.478202,636
abd6aa330df31d33,https://ni.linkedin.com/jobs/view/customer-retention-representative-at-veta-virtual-4439402922,Customer Retention Representative,,scraped,2026-07-13T17:09:35.195139,
641b494eab786157,https://ni.linkedin.com/jobs/view/senior-analytics-engineer-offshore-at-lato-jobs-4439762855,Senior Analytics Engineer (Offshore),,scraped,2026-07-13T17:09:41.365885,
0a67be49220cb580,https://ni.linkedin.com/jobs/view/staff-accountant-at-veta-virtual-4439407680,Staff Accountant,,scraped,2026-07-13T17:09:52.082919,
16ad60f1e0ca32c7,https://ni.linkedin.com/jobs/view/seo-specialist-at-veta-virtual-4439421321,SEO Specialist,,scraped,2026-07-13T17:10:06.249795,
7dee2a87ed178986,https://ni.linkedin.com/jobs/view/multifamily-real-estate-analyst-at-lato-jobs-4439781128,Multifamily Real Estate Analyst,,scraped,2026-07-13T17:10:12.556000,
c450a00f30f769ed,https://ni.linkedin.com/jobs/view/leasing-coordinator-phone-based-at-lato-jobs-4439754799,Leasing Coordinator (Phone-Based),,scraped,2026-07-13T17:10:19.063058,
a23b204b47a012cc,https://ni.linkedin.com/jobs/view/fullstack-developer-senior-python-django-%2B-react-remote-latin-america-at-bluelight-4439745934,"Fullstack Developer (Senior) - Python (Django) + React - Remote, Latin America",Bluelight,posted,2026-07-13T17:10:32.280941,144
63445eb329aa57bd,https://ni.linkedin.com/jobs/view/senior-seo-account-manager-at-veta-virtual-4439406680,Senior SEO Account Manager,,scraped,2026-07-13T17:10:44.847214,
f464834faaeb7ffb,https://ni.linkedin.com/jobs/view/meta-ads-specialist-for-marketing-agency-at-home-service-direct-4439443240,Meta Ads Specialist For Marketing Agency,Home Service Direct,posted,2026-07-13T17:11:11.524912,638
24c9711bd9b547f5,https://ni.linkedin.com/jobs/view/fullstack-developer-senior-python-django-%2B-react-remote-latin-america-at-bluelight-4439746930,"Fullstack Developer (Senior) - Python (Django) + React - Remote, Latin America",Bluelight,posted,2026-07-13T17:11:26.861289,144
2deb6ae0477ac4c9,https://ni.linkedin.com/jobs/view/fullstack-developer-senior-python-django-%2B-react-remote-latin-america-at-bluelight-4439745987,"Fullstack Developer (Senior) - Python (Django) + React - Remote, Latin America",Bluelight,posted,2026-07-13T17:11:32.429297,144
650f5cc624e355ba,https://ni.linkedin.com/jobs/view/qa-mobile-automation-engineer-at-applaudo-4440065696,QA Mobile Automation Engineer,,scraped,2026-07-13T17:11:45.117144,
5b1785ad4bc60b99,https://ni.linkedin.com/jobs/view/auxiliar-de-ventas-i-santo-tomas-temporal-6-meses-at-cargill-4421343899,Auxiliar de Ventas I - Santo Tomas - Temporal 6 meses,Cargill,posted,2026-07-13T17:12:11.212654,640
db31eeed4338bf3f,https://ni.linkedin.com/jobs/view/asistente-recursos-humanos-at-gildan-4422303696,Asistente - Recursos Humanos,,scraped,2026-07-15T13:01:01.867574,
e1decbcb784c4dfb,https://ni.linkedin.com/jobs/view/logistics-coordinator-el-salvador-nicaragua-remote-at-nilo-brands-4440059709,Logistics Coordinator - El Salvador & Nicaragua (Remote),NILO BRANDS,posted,2026-07-15T13:01:24.600367,642
c52502b843cd56a0,https://ni.linkedin.com/jobs/view/especialista-de-soporte-t%C3%A9cnico-ni-at-core-code-io-4438962343,Especialista de Soporte Técnico NI,Core Code io,posted,2026-07-15T13:01:36.940469,644
fcbaa26378f8a740,https://ni.linkedin.com/jobs/view/office-based-call-center-agent-managua-nicaragua-at-srr-group-4439904902,"Office-based_Call Center Agent (Managua, Nicaragua)",SRR Group,posted,2026-07-15T13:01:51.830986,646
8892071992a377b8,https://ni.linkedin.com/jobs/view/especialista-de-soporte-t%C3%A9cnico-nicaragua-at-core-code-io-4438382709,Especialista de Soporte Técnico Nicaragua,Core Code io,posted,2026-07-15T13:02:07.129887,648
440584a0934e012e,https://ni.linkedin.com/jobs/view/administrative-assistant-100%25-remote-usd-%245-hr-at-elevate-teams-4429536142,Administrative Assistant | 100% Remote | USD $5/hr,Elevate Teams,posted,2026-07-15T13:02:22.162383,650
72e08f048676c7b0,https://ni.linkedin.com/jobs/view/residential-property-manager-remote-at-bay-property-management-group-4440802943,Residential Property Manager (Remote),Bay Property Management Group,posted,2026-07-15T13:02:32.948938,652
0515fd173c8773c5,https://ni.linkedin.com/jobs/view/office-based-call-center-agent-chinandega-nicaragua-at-srr-group-4439914804,"Office-based_Call Center Agent (Chinandega, Nicaragua)",SRR Group,posted,2026-07-15T13:02:46.018460,654
30c899979272add7,https://ni.linkedin.com/jobs/view/business-developer-ejecutivo-comercial-account-executive-ni-at-core-code-io-4438973078,Business Developer / Ejecutivo Comercial / Account Executive NI,Core Code io,posted,2026-07-15T13:02:59.358671,656
3a35d3be9546b2ad,https://ni.linkedin.com/jobs/view/asistente-de-recursos-humanos-at-c%C3%B3ndor-comunicaciones-4440958915,Asistente de Recursos Humanos,,scraped,2026-07-15T13:03:04.059746,
97ac6022d144c194,https://ni.linkedin.com/jobs/view/office-based-call-center-agent-matagalpa-nicaragua-at-srr-group-4439912833,"Office-based_Call Center Agent (Matagalpa, Nicaragua)",SRR Group,posted,2026-07-15T13:03:25.959746,658
1b2bcf440fb58610,https://ni.linkedin.com/jobs/view/business-office-manager-concierge-at-pikes-peak-post-acute-4439773285,Business Office Manager-Concierge,Pikes Peak Post Acute,posted,2026-07-15T13:03:39.687570,660
ee1fe55631108f86,https://ni.linkedin.com/jobs/view/virtual-business-development-coordinator-at-nestl%C3%A9-4432516908,Virtual Business Development Coordinator,Nestlé,posted,2026-07-15T13:03:52.338535,662
6155eff03d3b5cf0,https://ni.linkedin.com/jobs/view/tecnico-en-seguridad-salud-ocupacional-y-medioambiente-at-grupo-bimbo-4437692961,"Tecnico en seguridad, salud ocupacional y medioambiente",Grupo Bimbo,posted,2026-07-15T13:04:09.894294,664
3bbd4109f9d8c1d8,https://ni.linkedin.com/jobs/view/escalations-representative-at-now-optics-4438388463,Escalations Representative,Now Optics,posted,2026-07-15T13:04:19.033642,164
fa9a2f9164fd2312,https://ni.linkedin.com/jobs/view/analista-de-comisiones-at-ac-talentos-4439937843,Analista de Comisiones,AC Talentos,posted,2026-07-15T13:04:32.514200,666
ff376b6ee5892c50,https://ni.linkedin.com/jobs/view/jefe-de-ventas-industriales-at-cotecyg-s-a-4413216245,Jefe de Ventas Industriales,"COTECYG S,A.",posted,2026-07-15T13:04:45.442065,668
b6af06df1e87850d,https://ni.linkedin.com/jobs/view/consultor-comercial-senior-at-ft-group-4440066517,Consultor Comercial Senior,FT Group,posted,2026-07-15T13:05:04.298153,670
f632265bc1998c3b,https://ni.linkedin.com/jobs/view/auxiliar-de-carga-y-descarga-at-ups-4439856502,Auxiliar de carga y descarga,UPS,posted,2026-07-15T13:05:15.077759,672
2317063bdb7403c9,https://ni.linkedin.com/jobs/view/docente-de-lengua-y-literatura-at-aldeas-infantiles-sos-nicaragua-4440355802,Docente de Lengua y Literatura,,scraped,2026-07-15T13:05:19.836305,
efe4d42cfb9216d1,https://ni.linkedin.com/jobs/view/guest-relations-specialist-at-cs-outsource-4439459745,Guest Relations Specialist,CS Outsource,posted,2026-07-15T13:05:36.166183,674
1b89522b946ada02,https://ni.linkedin.com/jobs/view/tech-recruiter-remote-work-at-bairesdev-4439881409,Tech Recruiter - Remote Work,BairesDev,posted,2026-07-15T13:05:51.442136,116
2794ed488a7469b1,https://ni.linkedin.com/jobs/view/planeador-de-demanda-at-cargill-4440904536,Planeador de Demanda,Cargill,posted,2026-07-15T13:06:09.607891,676
c7bb577d2f36a4a1,https://ni.linkedin.com/jobs/view/talent-acquisition-associate-remote-work-at-bairesdev-4439905114,Talent Acquisition Associate - Remote Work,BairesDev,posted,2026-07-15T13:06:19.298281,678
91cdd7d9e7c75508,https://ni.linkedin.com/jobs/view/analista-financiero-at-empresa-confidencial-4438370116,Analista financiero,Empresa confidencial,posted,2026-07-15T13:06:31.634818,680
542faaddd12cf556,https://ni.linkedin.com/jobs/view/recruiting-manager-remote-work-at-bairesdev-4439874915,Recruiting Manager - Remote Work,BairesDev,posted,2026-07-15T13:06:39.276115,434
347d6e217f832087,https://ni.linkedin.com/jobs/view/onboarding-sales-specialist-nicaragua-at-dashclicks-4439976878,Onboarding Sales Specialist - Nicaragua,DashClicks,posted,2026-07-15T13:06:58.534297,682
558b586a651a9789,https://ni.linkedin.com/jobs/view/spanish-english-audio-collection-transcription-project-central-american-at-chemin-ai-4440907210,Spanish-English Audio Collection & Transcription Project - Central American,,scraped,2026-07-15T13:07:01.090544,
81042a92abdfc163,https://ni.linkedin.com/jobs/view/accounting-manager-at-remitly-4430742747,Accounting Manager,Remitly,posted,2026-07-15T13:07:20.950331,684
935bba613eec9174,https://ni.linkedin.com/jobs/view/legal-administrative-billing-assistant-at-veta-virtual-4439377885,Legal Administrative & Billing Assistant,,scraped,2026-07-15T13:07:41.709122,
e87bad6271e68d49,https://ni.linkedin.com/jobs/view/sr-administrator-at-crowley-4440327072,Sr. Administrator,Crowley,posted,2026-07-15T13:07:58.634302,686
8b7c866377d03164,https://ni.linkedin.com/jobs/view/executive-headhunter-remote-work-at-bairesdev-4439885855,Executive Headhunter - Remote Work,BairesDev,posted,2026-07-15T13:08:08.411893,414
8928f7e0699dd6a4,https://ni.linkedin.com/jobs/view/analista-de-implementaciones-y-tecnolog%C3%ADa-at-bes-b%C3%BAsqueda-y-selecci%C3%B3n-4438082705,Analista de Implementaciones y Tecnología,BES Búsqueda y selección,posted,2026-07-15T13:08:21.918419,688
a5834b0c4239d1c1,https://ni.linkedin.com/jobs/view/oficial-de-call-center-at-grupo-ficohsa-hn-4418209350,OFICIAL DE CALL CENTER,Grupo Ficohsa HN,posted,2026-07-15T13:08:48.816904,374
8a802e45809de045,https://ni.linkedin.com/jobs/view/cloud-saas-operations-manager-at-veta-virtual-4439401967,Cloud & SaaS Operations Manager,,scraped,2026-07-15T13:08:57.405043,
b218d250fc69facf,https://ni.linkedin.com/jobs/view/senior-security-scrum-master-remote-work-at-bairesdev-4439900689,Senior Security Scrum Master - Remote Work,BairesDev,posted,2026-07-15T13:09:11.259189,446
c95d1490b9b0118d,https://ni.linkedin.com/jobs/view/sales-development-representative-at-vasl-4437694160,Sales Development Representative,,scraped,2026-07-17T12:48:37.964768,
ce2acbdaa85c9552,https://ni.linkedin.com/jobs/view/ai-product-manager-at-applaudo-4440598380,AI Product Manager,,scraped,2026-07-17T12:48:46.451433,
456e6429e9fdfa96,https://ni.linkedin.com/jobs/view/lien-negotiator-at-j-y-law-firm-4421266276,Lien Negotiator,J&amp;Y Law Firm,posted,2026-07-17T12:48:58.792185,388
4318cdc79ac5ba55,https://ni.linkedin.com/jobs/view/repair-coordinator-at-skill-cloud-staffing-4441282109,Repair Coordinator,Skill Cloud Staffing,posted,2026-07-17T12:49:09.673209,690
26f0782c4748d320,https://ni.linkedin.com/jobs/view/talent-acquisition-sourcer-latam-at-ovation-law-firm-4440292313,Talent Acquisition Sourcer (LATAM),Ovation Law Firm,posted,2026-07-17T12:49:22.163265,692
94a6f5dcc72982df,https://ni.linkedin.com/jobs/view/gerente-de-personas-y-cultura-at-manpowergroup-4440249840,Gerente de Personas y Cultura,ManpowerGroup,posted,2026-07-17T12:49:31.398413,694
8b256300af16ed31,https://ni.linkedin.com/jobs/view/alistador-de-veh%C3%ADculos-at-grupo-q-4441697767,Alistador de Vehículos,,scraped,2026-07-17T12:49:33.944847,
4603762410c87bb3,https://ni.linkedin.com/jobs/view/virtual-executive-assistant-remote-at-viva-talent-4441497752,Virtual Executive Assistant (Remote),Viva Talent,posted,2026-07-17T12:49:46.203692,82
d48de5894d5d8281,https://ni.linkedin.com/jobs/view/office-based-call-center-agent-leon-nicaragua-at-srr-group-4439927163,"Office-based_Call Center Agent (Leon, Nicaragua)",SRR Group,posted,2026-07-17T12:49:55.820622,696
65fb05ab889193b3,https://ni.linkedin.com/jobs/view/especialista-de-soporte-t%C3%A9cnico-nic-at-core-code-io-4438377896,Especialista de Soporte Técnico NIC,Core Code io,posted,2026-07-17T12:50:08.174955,698
c6a8847b8b61ba0a,https://ni.linkedin.com/jobs/view/account-manager-at-cs-outsource-4439473979,Account Manager,CS Outsource,posted,2026-07-17T12:50:20.753333,700
2c81dd88573ca366,https://ni.linkedin.com/jobs/view/analista-de-riesgos-de-cr%C3%A9dito-at-bac-4441253552,Analista de riesgos de crédito,,scraped,2026-07-17T12:50:23.470128,
6b5b5ac92378fbe0,https://ni.linkedin.com/jobs/view/associate-customer-success-bilingual-at-concentrix-4430210137,"Associate, Customer Success - Bilingual",Concentrix,posted,2026-07-17T12:50:38.836237,702
775e1e0da0f3cd76,https://ni.linkedin.com/jobs/view/spanish-to-english-medical-legal-interpreters-remote-at-intelex-4439905867,Spanish to English Medical/Legal Interpreters Remote,INTELEX,posted,2026-07-17T12:50:48.258640,704
8908095c2e9a8781,https://ni.linkedin.com/jobs/view/sales-executive-at-trusted-translations-4440599824,Sales Executive,Trusted Translations,posted,2026-07-17T12:51:04.523677,706
51d9abb0a99dc498,https://ni.linkedin.com/jobs/view/auditor-de-calidad-gildan-rivas-%235-at-gildan-4440636377,Auditor de Calidad Gildan Rivas #5,,scraped,2026-07-17T12:51:07.084706,
735d370db7181597,https://ni.linkedin.com/jobs/view/operador-de-producci%C3%B3n-at-laboratorios-solka-s-a-4441231364,Operador de producción,Laboratorios Solka S.A,posted,2026-07-17T12:51:25.155577,708
167f64af54aab3d0,https://ni.linkedin.com/jobs/view/remote-customer-service-and-sales-representative-at-valatam-4440979913,Remote Customer Service and Sales Representative,Valatam,posted,2026-07-17T12:51:32.924208,710
b1b11094720912f0,https://ni.linkedin.com/jobs/view/facilities-manager-at-inspiro-4440632817,Facilities Manager,,scraped,2026-07-17T12:51:37.626819,
b077edd0f3d44ca3,https://ni.linkedin.com/jobs/view/data-engineer-nicaragua-at-core-code-io-4438968180,Data Engineer Nicaragua,Core Code io,posted,2026-07-17T12:51:53.145605,712
5b6c8a1813ee575f,https://ni.linkedin.com/jobs/view/pasante-de-control-de-calidad-at-holcim-nicaragua-4440770432,Pasante de Control de Calidad,,scraped,2026-07-17T12:51:55.765876,
c972258066b5a368,https://ni.linkedin.com/jobs/view/investigador-at-empresa-confidencial-4441217221,Investigador,Empresa Confidencial,posted,2026-07-17T12:52:08.930225,714
14d0213eeb9ba0b6,https://ni.linkedin.com/jobs/view/jr-fullstack-developer-react-net-at-zipdev-4441639527,Jr Fullstack Developer (React & .NET),Zipdev,posted,2026-07-17T12:52:16.791529,716
7eb083ab4af27a46,https://ni.linkedin.com/jobs/view/pasante-de-legal-compliance-at-holcim-nicaragua-4440788788,Pasante de Legal & Compliance,,scraped,2026-07-17T12:52:21.435895,
f958534ac319cc58,https://ni.linkedin.com/jobs/view/cajero-a-at-grupo-ficohsa-hn-4434184034,Cajero(a),Grupo Ficohsa HN,posted,2026-07-17T12:52:36.060776,718
6a8afc9d43bf91f3,https://ni.linkedin.com/jobs/view/data-engineer-nic-at-core-code-io-4438385588,Data Engineer NIC,Core Code io,posted,2026-07-17T12:52:45.587731,720
9cb8c87a8b99f6ab,https://ni.linkedin.com/jobs/view/devops-engineer-nic-at-core-code-io-4438955550,DevOps Engineer NIC,Core Code io,posted,2026-07-17T12:52:54.860680,722
81dc7d9a37185669,https://ni.linkedin.com/jobs/view/ms-sales-representative-at-gbm-4440277029,MS Sales Representative,GBM,posted,2026-07-17T12:53:07.379712,724
79b56205c081dbc2,https://ni.linkedin.com/jobs/view/suscripci%C3%B3n-ramos-personales-at-assa-compa%C3%B1ia-de-seguros-4439919840,Suscripción Ramos Personales,ASSA Compañia de Seguros,posted,2026-07-17T12:53:22.976614,726
7ef7b09ad945b0e0,https://ni.linkedin.com/jobs/view/pasante-de-calidad-armx-at-holcim-nicaragua-4440774121,Pasante de Calidad ARMX,,scraped,2026-07-17T12:53:25.653267,
8de01503f6fc906a,https://ni.linkedin.com/jobs/view/especialista-preventa-de-servicios-administrados-it-at-gbm-4440239767,Especialista Preventa de Servicios Administrados IT,GBM,posted,2026-07-17T12:53:41.777602,728
311271478ed6eda8,https://ni.linkedin.com/jobs/view/investigador-de-experiencia-del-usuario-at-confidencial-4441277439,Investigador de experiencia del usuario,Confidencial,posted,2026-07-17T12:53:52.717313,730
0cb8ab2648c0a9a1,https://ni.linkedin.com/jobs/view/operario-a-de-despacho-chinandega-at-cargill-4433352566,Operario(a) de Despacho - Chinandega,Cargill,posted,2026-07-17T12:54:04.541901,732
3f2fbe8e3282264f,https://ni.linkedin.com/jobs/view/operario-a-de-despacho-santo-tom%C3%A1s-at-cargill-4433353591,Operario(a) de Despacho - Santo Tomás,Cargill,posted,2026-07-17T12:54:14.520510,734
80958e18a12bc6a8,https://ni.linkedin.com/jobs/view/machine-learning-engineer-remote-work-at-bairesdev-4439904568,Machine Learning Engineer - Remote Work,BairesDev,posted,2026-07-17T12:54:19.400919,238
0ce6798745a20dc4,https://ni.linkedin.com/jobs/view/procurement-manager-at-veta-virtual-4440635101,Procurement Manager,,scraped,2026-07-17T12:54:22.156549,
94adf2dd722588e4,https://ni.linkedin.com/jobs/view/operador-de-producci%C3%B3n-nicaragua-5-at-yazaki-north-america-4072310531,Operador de Producción - Nicaragua 5,Yazaki North America,posted,2026-07-17T12:54:36.585121,736
50f700cbb15183f2,https://ni.linkedin.com/jobs/view/ai-qa-engineer-agentic-testing-at-applaudo-4440867011,AI QA Engineer (Agentic Testing),,scraped,2026-07-17T12:54:39.244028,
c66318cc6ef7947d,https://ni.linkedin.com/jobs/view/operario-a-de-despacho-masaya-at-cargill-4433341858,Operario(a) de Despacho - Masaya,Cargill,posted,2026-07-17T12:54:52.133768,738
6b6f76feb9a90bd0,https://ni.linkedin.com/jobs/view/operario-a-de-despacho-masaya-at-cargill-4433355097,Operario(a) de Despacho - Masaya,Cargill,scraped,2026-07-17T12:54:56.412707,
9f66f8124f305279,https://ni.linkedin.com/jobs/view/operador-a-de-producci%C3%B3n-masaya-at-cargill-4437621941,Operador(a) de Producción - Masaya,Cargill,posted,2026-07-17T12:55:07.603267,740
194baecd12a3d250,https://ni.linkedin.com/jobs/view/auxiliar-de-ventas-i-masaya-at-cargill-4438751032,Auxiliar de Ventas I - Masaya,Cargill,posted,2026-07-17T12:55:16.599589,742
0e144e1de841daa9,https://ni.linkedin.com/jobs/view/especialista-preventa-de-software-jnr-at-gbm-4440762627,Especialista Preventa de Software JNR,GBM,posted,2026-07-17T12:55:29.360823,744
800d8a1ac3d916da,https://ni.linkedin.com/jobs/view/qa-mobile-automation-engineer-at-applaudo-4440060874,QA Mobile Automation Engineer,,scraped,2026-07-17T12:55:34.017321,
aaf26a247df0b006,https://ni.linkedin.com/jobs/view/senior-security-scrum-master-remote-work-at-bairesdev-4440083837,Senior Security Scrum Master - Remote Work,BairesDev,posted,2026-07-17T12:55:44.973509,446
bd003865eb3c69d4,https://ni.linkedin.com/jobs/view/ai-qa-engineer-agentic-testing-at-applaudo-4440863088,AI QA Engineer (Agentic Testing),,scraped,2026-07-17T12:55:47.530878,
24516e769b8f29b2,https://ni.linkedin.com/jobs/view/auxiliar-control-inventario-at-gildan-4292581318,Auxiliar -Control Inventario,,scraped,2026-07-17T12:55:54.030455,
268fe232ae324594,https://ni.linkedin.com/jobs/view/sales-representative-at-ibex-4371708855,Sales Representative,ibex,posted,2026-07-17T12:56:04.733192,622
a1a1bbd4b33f3805,https://ni.linkedin.com/jobs/view/talent-network-social-media-brand-strategist-at-toptal-4441908751,Talent Network Social Media Brand Strategist,Toptal,posted,2026-07-17T12:56:13.265610,746
dcc1be7490e9286d,https://ni.linkedin.com/jobs/view/crm-manager-remote-work-at-bairesdev-4440223206,CRM Manager - Remote Work,BairesDev,posted,2026-07-17T12:56:21.529943,748
5db7a5accd2c5fd1,https://ni.linkedin.com/jobs/view/sales-executive-for-campus-live-remote-work-at-bairesdev-4439921700,Sales Executive for Campus Live - Remote Work,BairesDev,posted,2026-07-17T12:56:26.612282,244
6fcb550e7534b73d,https://ni.linkedin.com/jobs/view/career-framework-specialist-remote-work-at-bairesdev-4439876687,Career Framework Specialist - Remote Work,BairesDev,posted,2026-07-17T12:56:31.563237,338
7abb18fa87197f37,https://ni.linkedin.com/jobs/view/senior-seo-content-strategist-at-veta-virtual-4440630193,Senior SEO Content Strategist,,scraped,2026-07-17T12:56:34.185187,
13efac66ced97213,https://ni.linkedin.com/jobs/view/case-manager-personal-injury-at-hirehawk-4441685157,Case Manager (Personal Injury),HireHawk,posted,2026-07-17T12:56:48.467162,750
822629cc50af4474,https://ni.linkedin.com/jobs/view/senior-recruiter-remote-work-at-bairesdev-4440234153,Senior Recruiter - Remote Work,BairesDev,posted,2026-07-17T12:56:53.766518,166
48d894ac029509f2,https://ni.linkedin.com/jobs/view/entregador-de-productos-masaya-at-cargill-4438418498,Entregador de Productos - Masaya,Cargill,posted,2026-07-17T12:57:07.699855,752
02f5bb0fa48823ab,https://ni.linkedin.com/jobs/view/corporate-travel-and-mobility-agent-remote-work-at-bairesdev-4439896378,Corporate Travel and Mobility Agent - Remote Work,BairesDev,posted,2026-07-17T12:57:12.798322,472
da8b1ed8bdb8db32,https://ni.linkedin.com/jobs/view/application-security-engineer-checkmarx-sast-trabajo-remoto-ref%23298367-at-bairesdev-4440860514,Application Security Engineer (Checkmarx / SAST) - Trabajo Remoto | REF#298367,BairesDev,posted,2026-07-17T12:57:23.002967,754
444a90657a40cbe6,https://ni.linkedin.com/jobs/view/senior-seo-account-manager-at-veta-virtual-4440628316,Senior SEO Account Manager,,scraped,2026-07-17T12:57:25.667405,
5a11cf161511e275,https://ni.linkedin.com/jobs/view/entregador-de-productos-masaya-at-cargill-4441220217,Entregador de Productos - Masaya,Cargill,posted,2026-07-17T12:57:34.163263,752
90f17d09e5c6e857,https://ni.linkedin.com/jobs/view/talentos-gildan-at-gildan-4058713524,Talentos Gildan,,scraped,2026-07-19T12:06:05.569060,
99370d856c59fcc6,https://ni.linkedin.com/jobs/view/picker-at-pedidosya-4281326170,Picker,,scraped,2026-07-19T12:06:19.127944,
23949791fb89c182,https://ni.linkedin.com/jobs/view/lead-caregiver-h-at-pikes-peak-post-acute-4441483456,LEAD Caregiver-H,Pikes Peak Post Acute,posted,2026-07-19T12:06:43.295394,756
93896dd1ba808b71,https://ni.linkedin.com/jobs/view/supervisor-de-operaciones-proceso-nicaragua-masaya-at-cargill-4433879636,Supervisor de Operaciones-Proceso (Nicaragua - Masaya),Cargill,posted,2026-07-19T12:06:53.792478,758
9c038ae6efd18cdb,https://ni.linkedin.com/jobs/view/pasante-de-marketing-digital-at-millicom-tigo-4441626993,Pasante de Marketing Digital,,scraped,2026-07-19T12:07:02.415384,
6f13e5f6cf522f27,https://ni.linkedin.com/jobs/view/hiring-journey-analyst-remote-work-at-bairesdev-4439892730,Hiring Journey Analyst - Remote Work,BairesDev,posted,2026-07-19T12:07:11.155004,118
3cbbe2173fd594ee,https://ni.linkedin.com/jobs/view/operador-de-producci%C3%B3n-cables-nicaragua-at-yazaki-north-america-4072306632,Operador de Producción - Cables Nicaragua,Yazaki North America,posted,2026-07-19T12:07:21.057561,760
08606b8545b316ef,https://ni.linkedin.com/jobs/view/auditor-contr-cal-fin-yproc-at-gildan-4365684997,Auditor-Contr Cal.Fin.yProc.,,scraped,2026-07-19T12:07:23.398119,
821a90bf408a6cbb,https://ni.linkedin.com/jobs/view/oficial-de-operaciones-at-grupo-ficohsa-hn-4439471465,Oficial de operaciones,Grupo Ficohsa HN,posted,2026-07-19T12:07:38.884813,762
d258f7d203146484,https://ni.linkedin.com/jobs/view/housing-specialist-at-cs-outsource-4441114007,Housing Specialist,CS Outsource,posted,2026-07-19T12:07:48.534827,764
f0b510e6b1fa1ea9,https://ni.linkedin.com/jobs/view/supervisor-a-de-mantenimiento-at-cargill-4405806211,Supervisor(a) de Mantenimiento,Cargill,posted,2026-07-19T12:07:56.886837,766
d138f5bd3399635c,https://ni.linkedin.com/jobs/view/t%C3%A9cnico-de-instalaci%C3%B3n-y-armado-de-muebles-at-igs-i-integral-group-solution-4441662949,Técnico de Instalación y Armado de Muebles,IGS I Integral Group Solution,posted,2026-07-19T12:08:05.528385,768
366d44d5740f1654,https://ni.linkedin.com/jobs/view/team-leader-equipment-maintenance-at-yazaki-north-america-4251621704,"Team Leader, Equipment Maintenance",Yazaki North America,posted,2026-07-19T12:08:13.110924,770
e504b96d71757327,https://ni.linkedin.com/jobs/view/legal-intake-specialist-at-veta-virtual-4441392570,Legal Intake Specialist,,scraped,2026-07-19T12:08:15.743026,
b3f1a653fe08d7e8,https://ni.linkedin.com/jobs/view/%C3%BAnete-a-nuestro-equipo-log%C3%ADstico-at-pedidosya-4331526614,Únete a nuestro equipo logístico,,scraped,2026-07-21T15:25:36.178264,
846ea762f5bf111a,https://ni.linkedin.com/jobs/view/growth-engineer-remote-work-at-bairesdev-4442644273,Growth Engineer - Remote Work,BairesDev,posted,2026-07-21T15:25:57.230053,772
df340c932fbbdf32,https://ni.linkedin.com/jobs/view/talent-acquisition-specialist-at-toptal-4431893563,Talent Acquisition Specialist,Toptal,posted,2026-07-21T15:26:07.786023,774
07cda25f0af12ca7,https://ni.linkedin.com/jobs/view/asistente-administrativa-at-empresa-confidencial-4441472469,Asistente Administrativa,Empresa Confidencial,posted,2026-07-21T15:26:18.419264,776
7c13523c2f6054d5,https://ni.linkedin.com/jobs/view/edec%C3%A1n-sucursales-managua-at-grupo-lafise-4441678520,Edecán - Sucursales Managua,Grupo LAFISE,posted,2026-07-21T15:26:27.363309,778
7f03f02fd6fe20ab,https://ni.linkedin.com/jobs/view/executive-assistant-at-emma-of-torre-ai-4443388054,Executive Assistant,Emma of Torre.ai,posted,2026-07-21T15:26:32.279134,70
0e768e6de27daf5d,https://ni.linkedin.com/jobs/view/mystic-coach-at-lifttalk-com-4442731631,Mystic Coach,,scraped,2026-07-21T15:26:36.887888,
3cbdd7e95a417052,https://ni.linkedin.com/jobs/view/leasing-director-property-management-at-hard-hat-helpers-4442097380,Leasing Director - Property Management,Hard Hat Helpers,posted,2026-07-21T15:26:48.274310,780
1b09f500db2d7d2e,https://ni.linkedin.com/jobs/view/especialista-de-capital-humano-at-flor-de-ca%C3%B1a-4441272097,Especialista de Capital Humano,,scraped,2026-07-21T15:26:51.099194,
990d0f6ba01f0c0e,https://ni.linkedin.com/jobs/view/autocad-drafter-architect-at-the-a-career-4443062274,AutoCAD Drafter - Architect,The A Career,posted,2026-07-21T15:27:02.875768,782
f858ff4dd7655510,https://ni.linkedin.com/jobs/view/gerente-comercial-at-wtw-4434730440,Gerente Comercial,WTW,posted,2026-07-21T15:27:14.881523,784
439379fcdbedcfc0,https://ni.linkedin.com/jobs/view/customer-support-specialist-at-veta-virtual-4440630196,Customer Support Specialist,,scraped,2026-07-21T15:27:17.634691,
d09891020050e471,https://ni.linkedin.com/jobs/view/dise%C3%B1ador-gr%C3%A1fico-at-oremota-4443062349,Diseñador gráfico,Oremota,posted,2026-07-21T15:27:32.825535,786
7ffbd9858245f0cb,https://ni.linkedin.com/jobs/view/architect-with-experience-in-revit-at-the-a-career-4443064198,Architect - with experience in Revit,The A Career,posted,2026-07-21T15:27:40.986515,788
d6ca7e696b6b4605,https://ni.linkedin.com/jobs/view/pasante-de-proyectos-at-holcim-nicaragua-4440760839,Pasante de   Proyectos,,scraped,2026-07-21T15:27:47.819955,
1d4accd1bfc440eb,https://ni.linkedin.com/jobs/view/bilingual-real-estate-virtual-assistant-at-spinwheel-sales-llc-4440191909,Bilingual Real Estate Virtual Assistant,Spinwheel Sales LLC,posted,2026-07-21T15:28:00.325235,790
bbdcec7f527e9687,https://ni.linkedin.com/jobs/view/analista-sr-de-mejora-continua-at-grupo-ficohsa-hn-4440790900,Analista Sr. de Mejora Continua.,Grupo Ficohsa HN,posted,2026-07-21T15:28:11.289757,792
ac1d3c33c52304bd,https://ni.linkedin.com/jobs/view/cold-caller-at-oakridge-funding-4442130068,Cold Caller,,scraped,2026-07-21T15:28:16.040570,
cf2227b970f96e6d,https://ni.linkedin.com/jobs/view/e-commerce-listing-designer-and-optimizer-at-the-a-career-4443047581,E-commerce Listing Designer and Optimizer,The A Career,posted,2026-07-21T15:28:26.724391,542
00f663249ec9423a,https://ni.linkedin.com/jobs/view/senior-accounting-manager-at-veta-virtual-4440626481,Senior Accounting Manager,,scraped,2026-07-21T15:28:33.332788,
b80acb954301698f,https://ni.linkedin.com/jobs/view/talent-acquisition-associate-remote-work-at-bairesdev-4442653085,Talent Acquisition Associate - Remote Work,BairesDev,posted,2026-07-21T15:28:42.005193,678
dbab40d42fb78dbb,https://ni.linkedin.com/jobs/view/administrador-de-base-de-datos-at-grupo-monge-nicaragua-4441248965,Administrador de base de datos,Grupo Monge Nicaragua,posted,2026-07-21T15:28:52.874284,794
96791b1ed57b470d,https://ni.linkedin.com/jobs/view/pasante-registro-sanitario-at-latinalliance-centroam%C3%A9rica-4440570929,Pasante Registro Sanitario,,scraped,2026-07-21T15:28:55.442550,
0abc79bdd2f6b113,https://ni.linkedin.com/jobs/view/desarrollador-a-fullstack-jr-at-deloitte-4443074203,Desarrollador(a) Fullstack Jr,Deloitte,posted,2026-07-21T15:29:10.785382,796
1d102299c31a16ac,https://ni.linkedin.com/jobs/view/legal-administrative-billing-assistant-at-veta-virtual-4440612985,Legal Administrative & Billing Assistant,,scraped,2026-07-21T15:29:13.397906,
f4a42387240ebd19,https://ni.linkedin.com/jobs/view/operator-i-production-ato-at-yazaki-north-america-4334598575,"Operator I, Production, ATO",Yazaki North America,posted,2026-07-21T15:29:26.711432,798
1f3932f7b5b2d8d6,https://ni.linkedin.com/jobs/view/senior-auditor-regulatory-compliance-audit-at-remitly-4433518319,"Senior Auditor, Regulatory Compliance Audit",Remitly,posted,2026-07-21T15:29:35.640421,800
f39a6dc8fe2a75e1,https://ni.linkedin.com/jobs/view/property-manager-at-cs-outsource-4441735410,Property Manager,CS Outsource,posted,2026-07-21T15:29:43.413625,802
2e0e096c39b151f6,https://ni.linkedin.com/jobs/view/supervisor-de-calidad-y-formacion-espa%C3%B1ol-temporal-at-concentrix-4438028359,Supervisor de Calidad y Formacion - Español (temporal),Concentrix,posted,2026-07-21T15:29:52.566288,804
acf0431063a03f9a,https://ni.linkedin.com/jobs/view/customer-service-representative-at-ibex-4414761491,Customer Service Representative,ibex,posted,2026-07-21T15:29:57.375942,278
883cf7e03fcaf519,https://ni.linkedin.com/jobs/view/repartidor-de-lote-at-gildan-4394973838,Repartidor de Lote,,scraped,2026-07-21T15:30:00.110991,
75b9595f69b32e22,https://ni.linkedin.com/jobs/view/payroll-specialist-lead-latam-at-remote-4441469166,Payroll Specialist Lead - LATAM,Remote,posted,2026-07-21T15:30:14.777599,806
51d14bf36fdd428d,https://ni.linkedin.com/jobs/view/superintendente-de-planta-rendering-y-ptar-at-cargill-4442121420,Superintendente de Planta Rendering y Ptar,Cargill,posted,2026-07-21T15:30:23.702322,808
0e85996c03fee9d0,https://ni.linkedin.com/jobs/view/bilingual-legal-virtual-assistant-california-personal-injury-at-staffing-for-doctors-4439278398,Bilingual Legal Virtual Assistant - California Personal Injury,Staffing For Doctors,posted,2026-07-21T15:30:31.523551,810
b429ae10e41623fc,https://ni.linkedin.com/jobs/view/data-engineer-at-perform-4403253382,Data Engineer,Perform,posted,2026-07-21T15:30:36.318526,170
c87030b593cf8b37,https://ni.linkedin.com/jobs/view/case-manager-at-j-y-law-firm-4416473198,Case Manager,J&amp;Y Law Firm,posted,2026-07-21T15:30:45.228512,812
b2f7781b60dbc2ee,https://ni.linkedin.com/jobs/view/superintendente-de-rendering-y-planta-de-tratamiento-de-aguas-residuales-at-cargill-4439244869,Superintendente de Rendering y Planta de Tratamiento de Aguas Residuales.,Cargill,posted,2026-07-21T15:30:54.107355,814
be4bb629778e5596,https://ni.linkedin.com/jobs/view/operador-a-de-despacho-masaya-at-cargill-4415398792,Operador(a) de Despacho -  Masaya,Cargill,posted,2026-07-21T15:31:03.630423,816
eac15f7f9bf7af3f,https://ni.linkedin.com/jobs/view/program-manager-at-applaudo-4440589926,Program Manager,,scraped,2026-07-21T15:31:06.233144,
addef1502397045a,https://ni.linkedin.com/jobs/view/treasury-analyst-at-veta-virtual-4440621716,Treasury Analyst,,scraped,2026-07-21T15:31:13.179522,
192cdf690d02178f,https://ni.linkedin.com/jobs/view/wfm-real-time-analyst-at-ibex-4443095722,WFM Real Time Analyst,ibex,posted,2026-07-21T15:31:22.036590,524
631090035ba2e636,https://ni.linkedin.com/jobs/view/ejecutivo-de-cobranza-11934-49066-at-grupo-ficohsa-hn-4441691521,EJECUTIVO DE COBRANZA (11934) - 49066,Grupo Ficohsa HN,posted,2026-07-21T15:31:32.768373,818
15ca626adab18230,https://ni.linkedin.com/jobs/view/link-building-affiliate-specialist-at-berkeley-skydeck-decal-4442606709,Link Building & Affiliate Specialist,Berkeley SkyDeck Decal,posted,2026-07-21T15:31:44.691341,820
21a2a7afc05545eb,https://ni.linkedin.com/jobs/view/coordinador-a-de-granja-le%C3%B3n-at-cargill-4443099495,Coordinador(a) de Granja - León,Cargill,posted,2026-07-21T15:31:53.982363,822
48f6e080b7b487e4,https://ni.linkedin.com/jobs/view/history-cultural-context-expert-ai-community-4442122127,History & Cultural Context Expert (AI Community),TELUS International AI Data Solutions,posted,2026-07-21T15:32:04.232233,824
b320d2e4efc1d4e9,https://ni.linkedin.com/jobs/view/t%C3%A9cnico-a-electricista-managua-at-cargill-4414223091,Técnico (a) Electricista - Managua,Cargill,posted,2026-07-21T15:32:13.726392,826
16745c01b8986d1c,https://ni.linkedin.com/jobs/view/operario-a-de-despacho-estel%C3%AD-at-cargill-4433352564,Operario(a) de Despacho - Estelí,Cargill,posted,2026-07-21T15:32:22.740376,828
1d5ed89dfa6b3110,https://ni.linkedin.com/jobs/view/ai-data-annotator-intermediate-ai-community-4430745688,AI Data Annotator - Intermediate (AI Community),TELUS International AI Data Solutions,posted,2026-07-21T15:32:29.832540,830
7e9ad10348a523cc,https://ni.linkedin.com/jobs/view/clinical-medical-ai-specialist-intermediate-ai-community-4442123036,Clinical & Medical AI Specialist- Intermediate (AI Community),TELUS International AI Data Solutions,posted,2026-07-21T15:32:37.036447,832
439e49db0c6e0222,https://ni.linkedin.com/jobs/view/ai-data-annotator-expert-ai-community-4442123240,AI Data Annotator Expert (AI Community),TELUS International AI Data Solutions,posted,2026-07-21T15:32:44.262048,834
6cafe699588ebffd,https://ni.linkedin.com/jobs/view/encargado-de-bodega-bodega-ni-planta-juigalpa-at-cooperativa-de-productores-de-leche-r-l-dos-pinos-4441051350,ENCARGADO DE BODEGA_BODEGA NI_PLANTA JUIGALPA,,scraped,2026-07-23T16:02:01.560964,
b426e34d5de7f0a5,https://ni.linkedin.com/jobs/view/junior-customer-service-representative-remote-at-valatam-4442075963,Junior Customer Service Representative (Remote),Valatam,posted,2026-07-23T16:02:18.350985,836
4dbba9d4cea49b53,https://ni.linkedin.com/jobs/view/part-time-airport-agent-nicaragua-mga-at-american-airlines-4438753718,"Part Time Airport Agent, Nicaragua MGA",American Airlines,posted,2026-07-23T16:02:28.095990,838
d85d3df08726e495,https://ni.linkedin.com/jobs/view/auditor-de-calidad-at-gildan-4443301324,Auditor de Calidad,,scraped,2026-07-23T16:02:34.819301,
921fe8c6f2359646,https://ni.linkedin.com/jobs/view/executive-assistant-operations-manager-at-teamswell-4441622414,Executive Assistant/Operations Manager,Teamswell,posted,2026-07-23T16:02:48.286501,840
cf10a9fc4f43828e,https://ni.linkedin.com/jobs/view/cajero-bancario-at-grupo-lafise-4441672685,Cajero bancario,Grupo LAFISE,posted,2026-07-23T16:02:57.109209,842
a9ffb2ddd91c5735,https://ni.linkedin.com/jobs/view/customer-support-representative-accounting-support-at-teamswell-4443569700,Customer Support Representative/Accounting Support,Teamswell,posted,2026-07-23T16:03:05.221406,844
889f6b4316e4eea4,https://ni.linkedin.com/jobs/view/executive-headhunter-remote-work-at-bairesdev-4442686614,Executive Headhunter - Remote Work,BairesDev,posted,2026-07-23T16:03:10.257490,414
6aec7be0c2032c08,https://ni.linkedin.com/jobs/view/hiring-journey-analyst-remote-work-at-bairesdev-4442678196,Hiring Journey Analyst - Remote Work,BairesDev,posted,2026-07-23T16:03:17.285691,118
6e907927d265b0c8,https://ni.linkedin.com/jobs/view/case-manager-healthcare-at-the-a-career-4429493612,Case Manager - Healthcare,The A Career,posted,2026-07-23T16:03:30.799264,846
87551c9aebd04ae0,https://ni.linkedin.com/jobs/view/transportation-logistics-coordinator-at-ibex-4440457972,Transportation Logistics Coordinator,ibex,posted,2026-07-23T16:03:40.037054,848
da1e425d0daa629f,https://ni.linkedin.com/jobs/view/ai-technical-product-manager-at-applaudo-4443549083,AI Technical Product Manager,,scraped,2026-07-23T16:03:42.778123,
21a669be861c4856,https://ni.linkedin.com/jobs/view/ejecutivo-a-de-cuentas-clave-regional-at-cargill-4441065540,Ejecutivo(a) de Cuentas Clave Regional,Cargill,posted,2026-07-23T16:03:58.109544,850
8ec76963d2f8ab14,https://ni.linkedin.com/jobs/view/pasante-procurement-suministros-at-holcim-nicaragua-4444239226,Pasante Procurement (Suministros),,scraped,2026-07-23T16:04:00.824632,
21ae782d0e85ce4d,https://ni.linkedin.com/jobs/view/digital-marketing-account-manager-at-king-digital-services-4444248198,Digital Marketing Account Manager,King Digital Services,posted,2026-07-23T16:04:14.371630,852
ae29674cc5293408,https://ni.linkedin.com/jobs/view/hiring-medical-interpreters-%21-remote-medical-interpreters-%21-opi-and-vri-spanish-english-at-multilingual-interpreters-and-translators-4443970759,Hiring Medical Interpreters ! (Remote Medical Interpreters) ! OPI and VRI ((Spanish-English)),Multilingual Interpreters and Translators,posted,2026-07-23T16:04:24.332423,854
b94bf77fc0e869de,https://ni.linkedin.com/jobs/view/overnight-personal-care-assistant-at-pikes-peak-post-acute-4444448179,Overnight Personal Care Assistant,Pikes Peak Post Acute,posted,2026-07-23T16:04:33.813769,856
4d7d58b751abd5bb,https://ni.linkedin.com/jobs/view/supervisor-a-de-operaciones-proceso-at-cargill-4435172314,Supervisor(a) de Operaciones-Proceso,Cargill,posted,2026-07-23T16:04:43.118561,858
40164ceb4b86a53e,https://ni.linkedin.com/jobs/view/dynamics-365-sales-functional-consultant-at-live-d365-4442723869,Dynamics 365 Sales Functional Consultant,,scraped,2026-07-23T16:04:45.767958,
e8bcdb9454a9a2ef,https://ni.linkedin.com/jobs/view/it-soporte-t%C3%A9cnico-at-empresa-confidencial-4442129601,IT Soporte Técnico,Empresa Confidencial,posted,2026-07-23T16:05:00.751599,860
46346a1aeab81cfd,https://ni.linkedin.com/jobs/view/ejecutivo-de-negocios-empresariales-at-empresa-confidencial-4441136060,EJECUTIVO DE NEGOCIOS EMPRESARIALES,Empresa Confidencial,posted,2026-07-23T16:05:11.708164,862
95111ab58d4e1732,https://ni.linkedin.com/jobs/view/pasante-universitarios-at-grupo-diveco-4443150902,Pasante Universitarios,,scraped,2026-07-23T16:05:18.370316,
ef84ad478f1f3c06,https://ni.linkedin.com/jobs/view/cpfr-walmart-at-colgate-palmolive-4442908144,CPFR Walmart,Colgate-Palmolive,posted,2026-07-23T16:05:33.189129,864
0adeed69455d78fc,https://ni.linkedin.com/jobs/view/spanish-bilingual-customer-service-specialist-at-talentpop-app-4442978947,Spanish Bilingual Customer Service Specialist,TalentPop App,posted,2026-07-23T16:05:38.128644,332
b07ca931f7ea5efd,https://ni.linkedin.com/jobs/view/operations-trainee-at-scandinavian-tobacco-group-4434434414,Operations Trainee,,scraped,2026-07-23T16:05:42.647211,
e11f20a55ed77a7f,https://ni.linkedin.com/jobs/view/operador-a-i-indirecto-masaya-at-cargill-4441061671,Operador(a) I Indirecto - Masaya,Cargill,posted,2026-07-23T16:05:58.217878,866
d37836c0bd898884,https://ni.linkedin.com/jobs/view/operador-a-i-indirecto-masaya-at-cargill-4443944585,Operador(a) I  Indirecto - Masaya,Cargill,posted,2026-07-23T16:06:07.204399,868
f1fd36e79008486d,https://ni.linkedin.com/jobs/view/representante-de-punto-de-venta-boaco-at-cargill-4442473547,Representante de Punto de Venta - Boaco,Cargill,posted,2026-07-23T16:06:16.478618,870
b6db2989bab6bf65,https://ni.linkedin.com/jobs/view/application-security-engineer-checkmarx-sast-remote-work-at-bairesdev-4442670832,Application Security Engineer (Checkmarx / SAST) - Remote Work,BairesDev,posted,2026-07-23T16:06:25.457546,290
9c0a9aa8528d874c,https://ni.linkedin.com/jobs/view/personal-para-cuartos-frios-masaya-at-cargill-4441004966,Personal para Cuartos Frios - Masaya,Cargill,posted,2026-07-23T16:06:40.646997,872
9f2676c2ed26e66a,https://ni.linkedin.com/jobs/view/senior-software-engineer-ai-interaction-evaluator-codex-claude-code-up-to-%24200-hr-at-g2i-inc-4442629933,"Senior Software Engineer - AI Interaction Evaluator (Codex / Claude Code, up to $200/hr)",G2i Inc.,posted,2026-07-23T16:06:48.934502,874
362bd267a84a979c,https://ni.linkedin.com/jobs/view/senior-devsecops-engineer-remote-work-at-bairesdev-4442636852,Senior DevSecOps Engineer - Remote Work,BairesDev,posted,2026-07-23T16:06:53.825246,468
f40cad0fd64117cc,https://ni.linkedin.com/jobs/view/janitor-conserje-at-concentrix-4420194369,Janitor (Conserje),Concentrix,posted,2026-07-25T12:10:56.106261,876
fcff6e29e06c7029,https://ni.linkedin.com/jobs/view/planeador-rutas-at-coca-cola-femsa-4441541349,PLANEADOR RUTAS,Coca-Cola FEMSA,posted,2026-07-25T12:11:19.215830,878
afa09ca4b1805464,https://ni.linkedin.com/jobs/view/inspector-de-reclamos-at-grupo-lafise-4445274329,Inspector de Reclamos,Grupo LAFISE,posted,2026-07-25T12:11:28.436954,880
52ad095f9f38e54f,https://ni.linkedin.com/jobs/view/povijest-%C4%8Detvrtkom-at-injoy-success-podcast-4445253438,Povijest četvrtkom,InJoy Success Podcast,posted,2026-07-25T12:11:39.011818,882
c48237c7eba9853f,https://ni.linkedin.com/jobs/view/marketing-outreach-assistant-at-vertu-agent-4444748682,Marketing & Outreach Assistant,Vertu Agent,posted,2026-07-25T12:11:48.656611,884
b1ad3f72214f9e72,https://ni.linkedin.com/jobs/view/sales-representative-at-abbott-4444217347,Sales Representative,Abbott,posted,2026-07-25T12:11:53.595449,622
30e5a62b23a483c6,https://ni.linkedin.com/jobs/view/coordinador-de-salud-seguridad-y-medioambiente-at-manpowergroup-4444398370,"Coordinador de salud, seguridad y medioambiente",ManpowerGroup,posted,2026-07-25T12:12:05.012901,886
15db5f0ed5f4c3a6,https://ni.linkedin.com/jobs/view/spanish-bilingual-customer-service-specialist-at-talentpop-app-4443494396,Spanish Bilingual Customer Service Specialist,TalentPop App,posted,2026-07-25T12:12:17.900366,332
e11ec5960e0c86c7,https://ni.linkedin.com/jobs/view/community-management-specialist-at-white-shark-media%C2%AE-4444779739,Community Management Specialist,White Shark Media™ en Español,posted,2026-07-25T12:12:26.869902,888
44052fc4e3d7c151,https://ni.linkedin.com/jobs/view/digital-marketing-strategist-at-elite-online-media-4444756560,Digital Marketing Strategist,Elite Online Media,posted,2026-07-25T12:12:31.876335,552
a671aac28b1c8b75,https://ni.linkedin.com/jobs/view/facilities-coordinator-at-opticall-bpo-4444610930,Facilities Coordinator,Opticall BPO,posted,2026-07-25T12:12:42.575309,890
f5218d92843e4984,https://ni.linkedin.com/jobs/view/math-teacher-at-st-mary-school-4444467177,Math Teacher,,scraped,2026-07-25T12:12:51.257767,
c35cf1375bec9eab,https://ni.linkedin.com/jobs/view/operations-manager-at-ibex-4444611722,Operations Manager,ibex,posted,2026-07-25T12:13:00.473894,404
34fabe0ca9d59acd,https://ni.linkedin.com/jobs/view/operario-a-de-limpieza-masaya-at-cargill-4445200415,Operario(a) de Limpieza - Masaya,Cargill,posted,2026-07-25T12:13:14.311929,892
e55ea68ef1184765,https://ni.linkedin.com/jobs/view/service-delivery-manager-at-applaudo-4445227099,Service Delivery Manager,,scraped,2026-07-25T12:13:17.043474,
7fe8a5f9ae9a4aec,https://ni.linkedin.com/jobs/view/seleccionador-a-de-productos-masaya-at-cargill-4441836103,Seleccionador(a) de Productos - Masaya,Cargill,posted,2026-07-25T12:13:25.914761,462
187ffff7c0ea3e7f,https://ni.linkedin.com/jobs/view/vendedor-esteli-matagalpa-masaya-rivas-carazo-at-grupo-d%C3%B6kka-4445252116,Vendedor (Esteli-Matagalpa / Masaya-Rivas-Carazo),,scraped,2026-07-25T12:13:30.383455,
a715060b09ce8625,https://ni.linkedin.com/jobs/view/medical-biller-w-california-insurance-experience-bilingual-spanish-english-at-medvirtual-4444711902,Medical Biller w/ California Insurance Experience (Bilingual Spanish - English),MedVirtual,posted,2026-07-25T12:13:42.700342,894
0596f8c62e7ee633,https://ni.linkedin.com/jobs/view/marketing-screening-team-lead-at-toptal-4444960874,Marketing Screening Team Lead,Toptal,posted,2026-07-25T12:13:51.232900,896
1638a719533a76e4,https://ni.linkedin.com/jobs/view/operario-a-de-despacho-masaya-at-cargill-4441053963,Operario (a) de Despacho -  Masaya,Cargill,posted,2026-07-25T12:14:00.731042,898
ef0b47722cef5f62,https://ni.linkedin.com/jobs/view/operario-a-de-despacho-masaya-at-cargill-4415398792,Operario (a) de Despacho -  Masaya,Cargill,posted,2026-07-25T12:14:05.680871,898
70e8c7e765205784,https://ni.linkedin.com/jobs/view/gestor-de-calidad-e-inocuidad-calidad-ni-oficina-administrativa-managua-at-cooperativa-de-productores-de-leche-r-l-dos-pinos-4441847757,GESTOR DE CALIDAD E INOCUIDAD_CALIDAD NI_OFICINA ADMINISTRATIVA MANAGUA,,scraped,2026-07-27T16:40:54.759817,
0e676da8cfdf9dcb,https://ni.linkedin.com/jobs/view/agente-de-servicio-de-atenci%C3%B3n-al-cliente-sac-at-ac-talentos-4444051055,Agente de Servicio de Atención al Cliente (SAC) -,AC Talentos,posted,2026-07-27T16:41:11.364728,900
484cb4987aae278f,https://ni.linkedin.com/jobs/view/asesor-de-servicio-virtual-at-grupo-q-4444788385,Asesor de Servicio Virtual,,scraped,2026-07-27T16:41:16.009608,
a3b492747f0733f8,https://ni.linkedin.com/jobs/view/luxury-property-project-manager-%E2%80%93-central-america-at-ubq-io-4443935280,Luxury Property & Project Manager – Central America,UBQ.io,posted,2026-07-27T16:41:31.161409,902
2cbc6994d2be5769,https://ni.linkedin.com/jobs/view/analista-de-ventas-b2b-at-ac-talentos-4442904953,Analista de Ventas B2B,AC Talentos,posted,2026-07-27T16:41:42.402972,904
aeb996a377b0a867,https://ni.linkedin.com/jobs/view/senior-recruiter-remote-work-at-bairesdev-4442658615,Senior Recruiter - Remote Work,BairesDev,posted,2026-07-27T16:41:53.343981,166
29ee7ea8a0c65d65,https://ni.linkedin.com/jobs/view/google-ads-specialist-nicaragua-at-dashclicks-4444890964,Google Ads Specialist - Nicaragua,DashClicks,posted,2026-07-27T16:42:02.010112,906
5b92e16ee6eac35d,https://ni.linkedin.com/jobs/view/lead-medication-technician-aide-at-pikes-peak-post-acute-4445672123,LEAD Medication Technician/Aide,Pikes Peak Post Acute,posted,2026-07-27T16:42:15.974580,908
586e64252dca1ed5,https://ni.linkedin.com/jobs/view/sports-match-reporter-data-scout-%E2%80%93-nicaragua-at-feedconstruct-4441590061,Sports Match Reporter / Data Scout – Nicaragua,,scraped,2026-07-27T16:42:22.460822,
3654216c110fe8b4,https://ni.linkedin.com/jobs/view/jefe-de-comisiones-y-costo-comercial-at-tigo-nicaragua-4444763147,Jefe de Comisiones y Costo Comercial,Tigo Nicaragua,posted,2026-07-27T16:42:41.413647,910
16553a323bd0c8a0,https://ni.linkedin.com/jobs/view/operador-de-plataforma-soporte-n1-at-creditforce-4444482262,Operador de Plataforma (Soporte N1),,scraped,2026-07-27T16:42:44.063105,
16e37de298b5b877,https://ni.linkedin.com/jobs/view/sports-match-reporter-data-scout-%E2%80%93-nicaragua-at-feedconstruct-4441574839,Sports Match Reporter / Data Scout – Nicaragua,,scraped,2026-07-27T16:42:51.052178,
d22b6f9f67aa8503,https://ni.linkedin.com/jobs/view/sports-match-reporter-data-scout-%E2%80%93-nicaragua-at-feedconstruct-4441586313,Sports Match Reporter / Data Scout – Nicaragua,,scraped,2026-07-27T16:42:59.235850,
f40e472a86777590,https://ni.linkedin.com/jobs/view/senior-auditor-it-audit-at-remitly-4434783392,"Senior Auditor, IT Audit",Remitly,posted,2026-07-27T16:43:14.126895,912
8c74651e0dfe4197,https://ni.linkedin.com/jobs/view/sports-match-reporter-data-scout-%E2%80%93-nicaragua-at-feedconstruct-4441571953,Sports Match Reporter / Data Scout – Nicaragua,,scraped,2026-07-27T16:43:16.784865,
a07375efbe516130,https://ni.linkedin.com/jobs/view/sports-match-reporter-data-scout-%E2%80%93-nicaragua-at-feedconstruct-4441575824,Sports Match Reporter / Data Scout – Nicaragua,,scraped,2026-07-27T16:43:25.594833,
2a0692a39185d8e6,https://ni.linkedin.com/jobs/view/sports-match-reporter-data-scout-%E2%80%93-nicaragua-at-feedconstruct-4441574822,Sports Match Reporter / Data Scout – Nicaragua,,scraped,2026-07-27T16:43:33.629072,
5d499c17d19d2f7e,https://ni.linkedin.com/jobs/view/sports-match-reporter-data-scout-%E2%80%93-nicaragua-at-feedconstruct-4441590050,Sports Match Reporter / Data Scout – Nicaragua,,scraped,2026-07-27T16:43:41.717730,
178bcbbe93d953bb,https://ni.linkedin.com/jobs/view/starter-umkm-at-seoultra-id-4445706168,Starter UMKM,,scraped,2026-07-29T15:43:43.898411,
c0341d1d191bfead,https://ni.linkedin.com/jobs/view/starter-umkm-%2B-analytics-at-seoultra-id-4442367785,Starter UMKM + Analytics,,scraped,2026-07-29T15:43:49.947005,
a535c4ab4b45466c,https://ni.linkedin.com/jobs/view/hiring-journey-analyst-remote-work-at-bairesdev-4446345422,Hiring Journey Analyst - Remote Work,BairesDev,posted,2026-07-29T15:44:01.907402,118
690fde428f9000f0,https://ni.linkedin.com/jobs/view/executive-recruiter-remote-work-at-bairesdev-4446401291,Executive Recruiter - Remote Work,BairesDev,posted,2026-07-29T15:44:10.337343,914
766e0c46cdd7ed59,https://ni.linkedin.com/jobs/view/crm-data-coordinator-at-masayaco-4446504504,CRM Data Coordinator,MasayaCo,posted,2026-07-29T15:44:23.019857,916
ae1fd4b2a6cdbf8a,https://ni.linkedin.com/jobs/view/especialista-de-canal-retail-transacci%C3%B3n-at-millicom-tigo-4446367037,Especialista de Canal Retail Transacción,,scraped,2026-07-29T15:44:27.713254,
51a3f78a60f3f01c,https://ni.linkedin.com/jobs/view/mecanico-automotriz-at-grupo-q-4446150947,Mecanico Automotriz,,scraped,2026-07-29T15:44:36.347717,
781d815f76ee3de0,https://ni.linkedin.com/jobs/view/sales-specialist-remote-at-workbetternow-4446124287,Sales Specialist - Remote,WorkBetterNow,posted,2026-07-29T15:44:48.292270,918
cbc99eb2a63af2aa,https://ni.linkedin.com/jobs/view/oficial-de-operaciones-at-ficohsa-banco-ni-4445776769,Oficial de operaciones,,scraped,2026-07-29T15:44:50.885654,
0f2239c0e28c83bc,https://ni.linkedin.com/jobs/view/sales-representative-health-wellness-products-at-oremota-4446341171,Sales Representative (Health & Wellness Products),Oremota,posted,2026-07-29T15:45:03.958912,920
fbbc710a3d58725a,https://ni.linkedin.com/jobs/view/customer-success-manager-at-ottomatik-io-4446041334,Customer Success Manager,Ottomatik.io,posted,2026-07-29T15:45:14.154105,922
f8c14fb91f693733,https://ni.linkedin.com/jobs/view/auditor-de-bodega-centro-at-cbc-4442852659,Auditor de Bodega Centro,cbc,posted,2026-07-29T15:45:27.614449,924
a861ed14ef938b23,https://ni.linkedin.com/jobs/view/fashion-paid-advertising-strategist-at-power-digital-marketing-4443472645,Fashion Paid Advertising Strategist,Power Digital Marketing,posted,2026-07-29T15:45:39.591093,926
927f9ed1e14b8dbd,https://ni.linkedin.com/jobs/view/new-hire-operator-production-at-yazaki-north-america-4445261709,"New Hire Operator, Production",Yazaki North America,posted,2026-07-29T15:45:47.646891,928
43aa881d767c453d,https://ni.linkedin.com/jobs/view/machine-learning-engineer-remote-work-at-bairesdev-4446071999,Machine Learning Engineer - Remote Work,BairesDev,posted,2026-07-29T15:45:52.645976,238
73265b46dbe9eb37,https://ni.linkedin.com/jobs/view/supervisor-a-de-n%C3%B3mina-at-tigo-nicaragua-4445982729,Supervisor (a) de Nómina,Tigo Nicaragua,posted,2026-07-29T15:46:09.078318,930
034b48c0a52a4894,https://ni.linkedin.com/jobs/view/talent-quality-auditor-remote-work-at-bairesdev-4445754551,Talent Quality Auditor - Remote Work,BairesDev,posted,2026-07-29T15:46:16.620872,932
77f071142d7642db,https://ni.linkedin.com/jobs/view/business-process-improvement-specialist-at-concentrix-4446135190,Business Process Improvement Specialist,Concentrix,posted,2026-07-29T15:46:25.382236,934
f7a483f58e4c471a,https://ni.linkedin.com/jobs/view/seleccionador-a-de-productos-masaya-at-cargill-4441834232,Seleccionador(a) de Productos - Masaya,Cargill,posted,2026-07-29T15:46:34.139247,462
242089278d320d7d,https://ni.linkedin.com/jobs/view/crm-manager-remote-work-at-bairesdev-4445737663,CRM Manager - Remote Work,BairesDev,posted,2026-07-29T15:46:38.915632,748
85d3ce55d95a6189,https://ni.linkedin.com/jobs/view/aos-57-anos-nefrologista-realiza-sonho-e-adere-ao-m%C3%A9dicos-sem-fronteiras-at-viva-equipamentos-4446002022,"Aos 57 anos, nefrologista realiza sonho e adere ao Médicos sem Fronteiras",Viva Equipamentos,posted,2026-07-29T15:46:48.162873,936
d52aef08ac14993e,https://ni.linkedin.com/jobs/view/screening-operations-specialist-at-toptal-4445640400,Screening Operations Specialist,Toptal,posted,2026-07-29T15:47:00.210012,938
96ebeae3bcc0a4b2,https://ni.linkedin.com/jobs/view/operador-a-de-producci%C3%B3n-masaya-at-cargill-4443610768,Operador(a) de Producción - Masaya,Cargill,posted,2026-07-29T15:47:09.281014,940
b066330cd154f274,https://ni.linkedin.com/jobs/view/senior-security-scrum-master-remote-work-at-bairesdev-4446345425,Senior Security Scrum Master - Remote Work,BairesDev,posted,2026-07-29T15:47:14.219108,446
15ae8a74574270f8,https://ni.linkedin.com/jobs/view/ejecutivo-de-atenci%C3%B3n-presencial-al-asegurado-at-wtw-4445415667,Ejecutivo de Atención Presencial al Asegurado,WTW,posted,2026-07-29T15:47:25.835147,942
33464dfbb37cad33,https://ni.linkedin.com/jobs/view/seleccionador-a-de-productos-masaya-at-cargill-4445200416,Seleccionador (a) de Productos - Masaya,Cargill,posted,2026-07-29T15:47:30.615395,462
5550af692fb21560,https://ni.linkedin.com/jobs/view/ingeniero-de-seguridad-de-aplicaciones-checkmarx-sast-trabajo-remoto-at-bairesdev-4445196689,Ingeniero de Seguridad de Aplicaciones (Checkmarx / SAST) - Trabajo Remoto,BairesDev,posted,2026-07-29T15:47:35.273923,198
20e509dbbe8c4758,https://ni.linkedin.com/jobs/view/entregador-a-de-productos-masaya-at-cargill-4443601964,Entregador(a) de Productos - Masaya,Cargill,posted,2026-07-29T15:47:46.105430,944
85e97025c2336e61,https://ni.linkedin.com/jobs/view/senior-business-intelligence-analyst-marketing-at-toptal-4437466205,"Senior Business Intelligence Analyst, Marketing",Toptal,posted,2026-07-29T15:47:54.065317,946
155bccade569a946,https://ni.linkedin.com/jobs/view/ejecutivo-a-comercial-b2b-4446395199,Ejecutivo(a) Comercial B2B,INNOVA QS,posted,2026-07-29T15:48:01.253837,948
0394619b18b8894a,https://ni.linkedin.com/jobs/view/auxiliar-de-ventas-ii-masaya-at-cargill-4442898780,Auxiliar de Ventas II - Masaya,Cargill,posted,2026-07-29T15:48:09.960614,950
7c17f70d82d705e6,https://ni.linkedin.com/jobs/view/product-security-engineer-remote-work-at-bairesdev-4445740116,Product Security Engineer - Remote Work,BairesDev,posted,2026-07-29T15:48:14.870728,412
79a4fd2b51a73500,https://ni.linkedin.com/jobs/view/ingeniero-de-seguridad-de-aplicaciones-checkmarx-sast-trabajo-remoto-at-bairesdev-4445198085,Ingeniero de Seguridad de Aplicaciones (Checkmarx / SAST) - Trabajo Remoto,BairesDev,posted,2026-07-29T15:48:19.531780,198
806113e141fc17ef,https://ni.linkedin.com/jobs/view/senior-ai-engineer-python-llms-remote-work-at-bairesdev-4445746621,"Senior AI Engineer (Python, LLMs) - Remote Work",BairesDev,posted,2026-07-29T15:48:26.835139,952
8d826feb794cc626,https://ni.linkedin.com/jobs/view/casetero-a-av%C3%ADcola-le%C3%B3n-at-cargill-4441834226,Casetero(a) Avícola - León,Cargill,posted,2026-07-29T15:48:37.301839,954
362538448f5475f5,https://ni.linkedin.com/jobs/view/ingeniero-devops-senior-at-deloitte-4444756291,Ingeniero DevOps Senior,Deloitte,posted,2026-07-29T15:48:46.254014,956
2c792a03a9179bcb,https://ni.linkedin.com/jobs/view/nodejs-application-architect-at-applaudo-4445959724,NodeJS Application Architect,,scraped,2026-07-29T15:48:48.885957,
a5d24f9e30920d89,https://ni.linkedin.com/jobs/view/senior-full-stack-engineer-backend-focused-at-applaudo-4444987434,Senior Full Stack Engineer (Backend-Focused),,scraped,2026-07-29T15:49:01.471999,
2c9c762c0a7b9d7f,https://ni.linkedin.com/jobs/view/senior-python-golang-engineer-remote-work-at-bairesdev-4446360181,Senior Python & Golang Engineer - Remote Work,BairesDev,posted,2026-07-29T15:49:13.137297,958
c68ef87d875497ab,https://ni.linkedin.com/jobs/view/recibidor-despachador-estel%C3%AD-at-cargill-4434653025,Recibidor despachador (Estelí),Cargill,posted,2026-07-29T15:49:21.673975,960
d355b5a7192f49fb,https://ni.linkedin.com/jobs/view/m%C3%A9dico-veterinario-de-especies-peque%C3%B1as-managua-at-ft-group-4444220358,Médico Veterinario de Especies Pequeñas | Managua,FT Group,posted,2026-07-29T15:49:30.777878,962
544773237abf6d3e,https://ni.linkedin.com/jobs/view/mid-level-tech-recruiter-at-simera-4445032423,Mid-Level Tech Recruiter,Simera,posted,2026-07-31T16:14:05.961022,964
19a81e84209fe073,https://ni.linkedin.com/jobs/view/bookkeeper-with-quickbooks-experience-in-construction-at-the-a-career-4447006385,Bookkeeper with QuickBooks - Experience in Construction,The A Career,posted,2026-07-31T16:14:23.538143,966
7d00e80339c2ffc8,https://ni.linkedin.com/jobs/view/oficial-dba-13249-49322-at-grupo-ficohsa-hn-4446941749,OFICIAL DBA (13249) - 49322,Grupo Ficohsa HN,posted,2026-07-31T16:14:37.895118,968
3cf3110d77e82534,https://ni.linkedin.com/jobs/view/especialista-en-precios-at-confidential-4447544021,Especialista en Precios,Confidential,posted,2026-07-31T16:14:46.515104,970
d3b94675779560a8,https://ni.linkedin.com/jobs/view/treasury-shared-services-analyst-ii-at-remitly-4436114332,Treasury Shared Services Analyst II,Remitly,posted,2026-07-31T16:14:57.574291,972
eb7e43359767d803,https://ni.linkedin.com/jobs/view/consultor-a-soporte-itil-nicaragua-at-deloitte-4446342920,Consultor(a) Soporte ITIL - Nicaragua,Deloitte,posted,2026-07-31T16:15:07.615582,974
5ce720adc2550ef3,https://ni.linkedin.com/jobs/view/salesforce-administrator-cx-systems-specialist-at-veta-virtual-4444681023,Salesforce Administrator & CX Systems Specialist,,scraped,2026-07-31T16:15:12.264898,
5107e56d723a8434,https://ni.linkedin.com/jobs/view/chofer-de-patios-logistica-ni-oficina-administrativa-managua-at-cooperativa-de-productores-de-leche-r-l-dos-pinos-4444185142,CHOFER DE PATIOS_LOGISTICA NI_OFICINA ADMINISTRATIVA MANAGUA,,scraped,2026-07-31T16:15:20.664714,
20cbc4c687605ee5,https://ni.linkedin.com/jobs/view/business-specialist-at-pedidosya-4446426483,Business Specialist,,scraped,2026-07-31T16:15:27.315857,
c462da4da3860dc5,https://ni.linkedin.com/jobs/view/sales-development-representative-industrial-software-pi-system-solutions-at-agent-careers-4446431706,Sales Development Representative (Industrial Software & PI System Solutions),Agent Careers,posted,2026-07-31T16:15:39.193402,976
4312e5a9903458d8,https://ni.linkedin.com/jobs/view/project-manager-it-internal-systems-latam-at-homeward-4446340668,"Project Manager, IT & Internal Systems (LatAm)",Homeward,posted,2026-07-31T16:15:50.865641,978
a1df9ee5d416a36a,https://ni.linkedin.com/jobs/view/executive-associate-at-skill-cloud-staffing-4447028388,Executive Associate,Skill Cloud Staffing,posted,2026-07-31T16:15:59.520189,980
c28847b4aea319b6,https://ni.linkedin.com/jobs/view/talent-acquisition-analyst-remote-work-at-bairesdev-4446409619,Talent Acquisition Analyst - Remote Work,BairesDev,posted,2026-07-31T16:16:04.245495,276
b2a09100f55cff5c,https://ni.linkedin.com/jobs/view/asistente-de-producci%C3%B3n-audiovisual-at-the-expresso-company-4447208447,Asistente de Producción Audiovisual,The Expresso Company,posted,2026-07-31T16:16:13.534932,982
09cd13e5aa4fb842,https://ni.linkedin.com/jobs/view/t%C3%A9cnico-de-telecomunicaciones-at-lucelec-4445353802,Técnico de telecomunicaciones,LUCELEC,posted,2026-07-31T16:16:22.772786,984
4c7eac34c6f25f2b,https://ni.linkedin.com/jobs/view/asociado-junior-oc-at-bmr-audit-4446802831,Asociado Junior - OC,BMR | Audit,posted,2026-07-31T16:16:34.720729,986
ef582832e4d3bb11,https://ni.linkedin.com/jobs/view/customer-experience-ambassador-at-globe-telecom-4442388203,Customer Experience Ambassador,,scraped,2026-07-31T16:16:41.077194,
2c42b44e7326fc5a,https://ni.linkedin.com/jobs/view/back-office-at-ticloud-4447092501,Back Office,TiCloud,posted,2026-07-31T16:16:58.891556,988
533e36d911ad7d56,https://ni.linkedin.com/jobs/view/senior-media-manager-healthcare-at-power-digital-marketing-4441821441,"Senior Media Manager, (Healthcare)",Power Digital Marketing,posted,2026-07-31T16:17:11.905326,990
17d4f0dbbc500f2b,https://ni.linkedin.com/jobs/view/business-specialist-at-lato-jobs-4447292724,Business Specialist,,scraped,2026-07-31T16:17:16.588444,
74a3a9242e368833,https://ni.linkedin.com/jobs/view/technical-specialist-application-development-at-yazaki-north-america-4446162507,"Technical Specialist, Application Development",Yazaki North America,posted,2026-07-31T16:17:28.191121,992
bed6e519e745ce32,https://ni.linkedin.com/jobs/view/sales-operations-manager-at-ibex-4446926533,Sales Operations Manager,ibex,posted,2026-07-31T16:17:37.984661,994
6d6cec1412eaebcb,https://ni.linkedin.com/jobs/view/vice-auditor-interno-at-mapfre-4446898630,VICE AUDITOR INTERNO,,scraped,2026-07-31T16:17:40.440272,
aa726bfc9c084f9c,https://ni.linkedin.com/jobs/view/ejecutivo-de-servicio-al-cliente-en-seguros-de-vida-y-salud-at-wtw-4445422098,Ejecutivo de Servicio al Cliente en Seguros de Vida y Salud,WTW,posted,2026-07-31T16:17:56.968411,996
4f98f71ada7ef516,https://ni.linkedin.com/jobs/view/servicio-de-atenci%C3%B3n-al-cliente-4447230831,Servicio de atención al cliente,Envios total,posted,2026-07-31T16:18:06.524437,998
f4871adf633b003c,https://ni.linkedin.com/jobs/view/medical-virtual-front-desk-sales-consultant-english-or-bilingual-spanish-at-staffing-for-doctors-4445020460,Medical Virtual Front Desk & Sales Consultant (English or Bilingual Spanish),Staffing For Doctors,posted,2026-07-31T16:18:14.053993,1000
e3d733f596674405,https://ni.linkedin.com/jobs/view/asistente-de-proyectos-at-spc-internacional-4446515481,Asistente de Proyectos,,scraped,2026-07-31T16:18:16.665166,
6dada8568686bc4a,https://ni.linkedin.com/jobs/view/asistente-administrativo-at-memorial-enterprise-group-4446397275,Asistente Administrativo,Memorial Enterprise Group,posted,2026-07-31T16:18:33.016249,1002
a9b9f4780389592c,https://ni.linkedin.com/jobs/view/ejecutivo-de-cuentas-soluciones-it-at-arch-latam-4447046612,EJECUTIVO DE CUENTAS SOLUCIONES IT,ARCH LATAM,posted,2026-07-31T16:18:41.603258,1004
a7e64ad32bdd6b3b,https://ni.linkedin.com/jobs/view/consultor-a-sap-group-reporting-semi-senior-ingl%C3%A9s-avanzado-remoto-latam-nicaragua-at-sapindex-4447138046,Consultor/a SAP Group Reporting Semi Senior  - Inglés avanzado - Remoto LATAM - Nicaragua,,scraped,2026-07-31T16:18:46.351965,
38913d40ac5cef26,https://ni.linkedin.com/jobs/view/paid-media-buyer-expert-at-door-gate-domination-4447080564,Paid Media Buyer Expert,Door & Gate Domination,posted,2026-07-31T16:18:58.620652,1006
5048ddb196b47cd1,https://ni.linkedin.com/jobs/view/analista-de-aseguramiento-de-informaci%C3%B3n-y-dwh-at-millicom-tigo-4447215992,Analista de Aseguramiento de Información y DWH,,scraped,2026-07-31T16:19:03.249347,
8b221958a10d799a,https://ni.linkedin.com/jobs/view/telecommunications-engineer-at-marquis-technologies-private-limited-4444536617,Telecommunications Engineer,MARQUIS TECHNOLOGIES PRIVATE LIMITED,posted,2026-07-31T16:19:22.287998,1008
3ec4d468e6b1bfe9,https://ni.linkedin.com/jobs/view/operario-a-de-limpieza-masaya-at-cargill-4441832417,Operario(a) de Limpieza - Masaya,Cargill,posted,2026-07-31T16:19:34.957594,1010
6063e58fb284b85d,https://ni.linkedin.com/jobs/view/customer-success-associate-at-concentrix-4445222557,Customer Success Associate,Concentrix,posted,2026-07-31T16:19:49.669587,1012
590c2de1de33933c,https://ni.linkedin.com/jobs/view/oficial-de-seguridad-at-gildan-4447093940,Oficial de Seguridad,,scraped,2026-07-31T16:19:52.292757,
753009cef08777a4,https://ni.linkedin.com/jobs/view/coordinador-de-calidad-at-cbc-4443627708,COORDINADOR DE CALIDAD,cbc,posted,2026-07-31T16:20:10.260971,1014
6724473273c5d7b4,https://ni.linkedin.com/jobs/view/ayudante-de-mantenimiento-chinandega-at-cargill-4445204154,Ayudante de Mantenimiento - Chinandega,Cargill,posted,2026-07-31T16:20:23.483364,1016
95d9348c07a79c89,https://ni.linkedin.com/jobs/view/senior-technical-program-manager-remote-work-at-bairesdev-4446418520,Senior Technical Program Manager - Remote Work,BairesDev,posted,2026-07-31T16:20:30.495968,362
7f4a1226ddbe81cb,https://ni.linkedin.com/jobs/view/senior-site-reliability-engineer-sre-remote-work-at-bairesdev-4445796076,Senior Site Reliability Engineer (SRE) - Remote Work,BairesDev,posted,2026-07-31T16:20:41.477605,592
54370ddc12a55b4f,https://ni.linkedin.com/jobs/view/operador-a-de-producci%C3%B3n-masaya-at-cargill-4443608765,Operador(a) de Producción - Masaya,Cargill,posted,2026-07-31T16:20:50.738879,1018
5a19ecd0004905fd,https://ni.linkedin.com/jobs/view/cajero-bancario-at-grupo-lafise-4447542411,Cajero Bancario,Grupo LAFISE,posted,2026-07-31T16:20:55.313894,842
86df468c4b388ade,https://ni.linkedin.com/jobs/view/cajero-sucursal-masaya-at-grupo-lafise-4446168001,Cajero - Sucursal Masaya,Grupo LAFISE,posted,2026-07-31T16:21:05.783896,1020
e02f56a9b24401bb,https://ni.linkedin.com/jobs/view/sales-executive-for-campus-live-remote-work-at-bairesdev-4446835908,Sales Executive for Campus Live - Remote Work,BairesDev,posted,2026-07-31T16:21:10.701361,244
a5c0acb8825e8066,https://ni.linkedin.com/jobs/view/senior-devsecops-engineer-remote-work-at-bairesdev-4445734607,Senior DevSecOps Engineer - Remote Work,BairesDev,posted,2026-07-31T16:21:15.315890,468
30763513e529992b,https://ni.linkedin.com/jobs/view/customer-service-agent-mandarin-at-ibex-4444128727,Customer Service Agent - Mandarin,ibex,posted,2026-07-31T16:21:24.009155,1022
4788c02cfc8b0d0d,https://ni.linkedin.com/jobs/view/perito-agricola-sucursal-puerto-cabezas-at-grupo-lafise-4447205078,Perito Agricola - Sucursal Puerto Cabezas,Grupo LAFISE,posted,2026-07-31T16:21:37.517502,1024
c1ce318066673e4a,https://ni.linkedin.com/jobs/view/entregador-a-de-productos-estel%C3%AD-1-at-cargill-4446829258,Entregador(a) de Productos - Estelí 1,Cargill,posted,2026-07-31T16:21:46.415045,1026
70d2cc75e4a46319,https://ni.linkedin.com/jobs/view/ejecutivo-de-atenci%C3%B3n-presencial-moto-propia-at-wtw-4445415667,Ejecutivo de Atención Presencial (Moto Propia),WTW,posted,2026-07-31T16:21:58.336905,1028
0c2f1ed23cab4b39,https://ni.linkedin.com/jobs/view/multimodal-ai-content-specialist-intermediate-ai-community-4433892656,Multimodal AI Content Specialist - Intermediate (AI Community),TELUS International AI Data Solutions,posted,2026-07-31T16:22:09.284325,1030
113896c5c0567391,https://ni.linkedin.com/jobs/view/senior-security-data-scientist-python-remote-work-at-bairesdev-4445749385,Senior Security Data Scientist (Python) - Remote Work,BairesDev,posted,2026-07-31T16:22:16.672495,410
8397285cd3679361,https://ni.linkedin.com/jobs/view/janitor-at-concentrix-4445554226,Janitor,Concentrix,posted,2026-08-01T12:15:48.162690,22
db9fe28aaaf060fc,https://ni.linkedin.com/jobs/view/dispatch-coordinator-at-cs-outsource-4447152337,Dispatch Coordinator,CS Outsource,posted,2026-08-01T12:15:58.743399,1032
65df80a5e917055c,https://ni.linkedin.com/jobs/view/senior-recruiter-remote-work-at-bairesdev-4446400668,Senior Recruiter - Remote Work,BairesDev,posted,2026-08-01T12:16:07.750884,166
baa8e7729e579b34,https://ni.linkedin.com/jobs/view/technical-services-manager-at-globe-24-7-4447073592,Technical Services Manager,,scraped,2026-08-01T12:16:32.370308,
fb9ab9724a39df6e,https://ni.linkedin.com/jobs/view/medical-and-legal-spanish-interpreters-per-hour-rate-at-intelex-4447081196,Medical and Legal Spanish Interpreters ( Per hour rate),INTELEX,posted,2026-08-01T12:16:45.944705,1034
abd7f56ff1fecf97,https://ni.linkedin.com/jobs/view/customer-success-executive-at-gbm-4445771998,Customer Success Executive,GBM,posted,2026-08-01T12:16:57.780009,1036
d76cb03009ebb1a1,https://ni.linkedin.com/jobs/view/cajero-at-grupo-ficohsa-hn-4446062965,Cajero,Grupo Ficohsa HN,posted,2026-08-01T12:17:16.943167,1038
9aa5af59ff67ac65,https://ni.linkedin.com/jobs/view/lead-buyer-log%C3%ADstica-at-empresa-confidencial-4446930094,Lead Buyer Logística,Empresa Confidencial,posted,2026-08-01T12:17:28.350918,1040
b6e93b3375fd1ce9,https://ni.linkedin.com/jobs/view/docente-de-ingl%C3%A9s-online-english-teacher-at-mayugo-4447018171,Docente de Inglés Online | English Teacher,MayuGo,posted,2026-08-01T12:17:44.137550,1042
a2d43e861f310da1,https://ni.linkedin.com/jobs/view/call-center-sales-intake-trainer-nicaragua-at-ovation-law-firm-4446929242,Call Center Sales Intake Trainer (Nicaragua),Ovation Law Firm,posted,2026-08-01T12:17:54.226177,1044
51a57d3b69ab4182,https://ni.linkedin.com/jobs/view/legal-assistant-at-staffscout-4445786052,Legal Assistant,StaffScout,posted,2026-08-01T12:18:05.922519,1046
c79eca4d3d0ec080,https://ni.linkedin.com/jobs/view/information-security-analyst-at-scale-up-recruiting-partners-4447456840,Information Security Analyst,Scale Up Recruiting Partners,posted,2026-08-01T12:18:18.108424,1048
3b3aafd28d5d647d,https://ni.linkedin.com/jobs/view/talent-acquisition-associate-remote-work-at-bairesdev-4447167452,Talent Acquisition Associate - Remote Work,BairesDev,posted,2026-08-01T12:18:25.025177,678
cc58dc837957a2ec,https://ni.linkedin.com/jobs/view/t%C3%A9cnico-en-fibra-%C3%B3ptica-4341723659,Técnico en Fibra Óptica,Telecomunicaciones de America,posted,2026-08-01T12:18:32.288498,1050
5b5b9cf05c5543b9,https://ni.linkedin.com/jobs/view/mecanico-automotriz-at-grupo-q-4446580961,Mecanico Automotriz,,scraped,2026-08-01T12:18:36.918861,
9ed19fc09eaa349e,https://ni.linkedin.com/jobs/view/executive-assistant-at-digital-executive-4445541048,Executive Assistant,Digital Executive,posted,2026-08-01T12:18:51.286016,70
415c790a877b8046,https://ni.linkedin.com/jobs/view/multimodal-ai-content-specialist-intermediate-ai-community-4447572889,Multimodal AI Content Specialist - Intermediate (AI Community),TELUS International AI Data Solutions,posted,2026-08-01T12:18:55.663758,1030
b22797bc2cbf452b,https://ni.linkedin.com/jobs/view/consultor-a-sap-group-reporting-semi-senior-remoto-latam-nicaragua-at-sapindex-4447525605,Consultor/a SAP Group Reporting Semi Senior  - Remoto LATAM - Nicaragua,,scraped,2026-08-01T12:18:58.312136,
af83fe4b20b4ea3b,https://ni.linkedin.com/jobs/view/front-desk-receptionist-sleep-medicine-at-staffing-for-doctors-4445557050,Front Desk Receptionist - Sleep Medicine,Staffing For Doctors,posted,2026-08-01T12:19:10.661533,1052
26bda93e19efe723,https://ni.linkedin.com/jobs/view/business-development-partner-at-vti-staffing-outsourcing-agency-4445636257,Business Development Partner,VTI Staffing &amp; Outsourcing Agency,posted,2026-08-01T12:19:19.803646,1054
43f7837675f4db9f,https://ni.linkedin.com/jobs/view/productor-audiovisual-freelance-at-creativalab-4446546329,Productor Audiovisual Freelance,,scraped,2026-08-01T12:19:22.452283,
7e90717a738b82ca,https://ni.linkedin.com/jobs/view/consultor-a-sap-group-reporting-senior-remoto-latam-nicaragua-at-sapindex-4447517662,Consultor/a SAP Group Reporting Senior - Remoto LATAM - Nicaragua,,scraped,2026-08-01T12:19:33.568202,
5ea88b060973452b,https://ni.linkedin.com/jobs/view/implementation-consultant-at-myseven-4442828780,Implementation consultant,MYSEVEN,posted,2026-08-01T12:19:47.829778,1056
e5be050b51a3d8f7,https://ni.linkedin.com/jobs/view/country-consultant-at-china-mobile-international-limited-4446902191,Country Consultant,,scraped,2026-08-01T12:19:50.621170,
1c4da285bccb4143,https://ni.linkedin.com/jobs/view/ejecutivo-de-servicio-al-cliente-%E2%80%93-gastos-m%C3%A9dicos-at-wtw-4446836306,Ejecutivo de Servicio al Cliente – Gastos Médicos,WTW,posted,2026-08-01T12:20:11.390409,1058
137b72915b6bfe3e,https://ni.linkedin.com/jobs/view/especialista-de-planificaci%C3%B3n-de-red-ti-at-millicom-tigo-4447566560,Especialista de Planificación de Red TI,,scraped,2026-08-01T12:20:16.046793,
b40c597b9c8f7ea2,https://ni.linkedin.com/jobs/view/senior-operations-manager-at-ibex-4442899238,Senior Operations Manager,ibex,posted,2026-08-01T12:20:29.548028,1060
ab23fc9c92adf91b,https://ni.linkedin.com/jobs/view/customer-success-specialist-at-cs-outsource-4446918170,Customer Success Specialist,CS Outsource,posted,2026-08-01T12:20:38.170731,1062
1969826e61abd4e5,https://ni.linkedin.com/jobs/view/gu%C3%ADa-de-experiencia-at-flor-de-ca%C3%B1a-4447043906,Guía de Experiencia,,scraped,2026-08-01T12:20:40.913800,
f699bdefe7cafc48,https://ni.linkedin.com/jobs/view/especialista-preventa-de-software-jnr-at-gbm-4445793461,Especialista Preventa de Software JNR,GBM,posted,2026-08-01T12:20:52.620353,744
b1bf0087a5549902,https://ni.linkedin.com/jobs/view/asset-resolution-counsel-at-world-business-lenders-llc-4447041445,Asset Resolution Counsel,"World Business Lenders, LLC",posted,2026-08-01T12:21:05.758763,1064
93aa1c9f8971edb1,https://ni.linkedin.com/jobs/view/especialista-de-planificaci%C3%B3n-de-red-ti-at-tigo-nicaragua-4447574060,Especialista de Planificación de Red TI,Tigo Nicaragua,posted,2026-08-01T12:21:20.505075,1066
2d90d684bed117d4,https://ni.linkedin.com/jobs/view/virtual-medical-receptionist-patient-coordinator-optometry-at-staffing-for-doctors-4444182698,Virtual Medical Receptionist / Patient Coordinator (Optometry),Staffing For Doctors,posted,2026-08-01T12:21:28.722113,1068
4e531cca50be1f48,https://ni.linkedin.com/jobs/view/dispatch-coordinator-at-cs-outsource-4446940172,Dispatch Coordinator,CS Outsource,scraped,2026-08-01T12:21:36.904366,
f1d7491ff91980fc,https://ni.linkedin.com/jobs/view/accounting-associate-at-valatam-4447177986,Accounting Associate,Valatam,posted,2026-08-01T12:21:50.660714,1070
84691277c0ed108d,https://ni.linkedin.com/jobs/view/auxiliar-de-ventas-ii-masaya-at-cargill-4446325634,Auxiliar de Ventas II - Masaya,Cargill,posted,2026-08-01T12:21:57.584261,950
943e80a5ca8f18d7,https://ni.linkedin.com/jobs/view/junior-bookkeeping-assistant-at-valatam-4447400023,Junior Bookkeeping Assistant,Valatam,posted,2026-08-01T12:22:06.377064,1072
25daad8ee7788c88,https://ni.linkedin.com/jobs/view/auxiliar-de-ventas-ii-masaya-at-cargill-4442320356,Auxiliar de Ventas II - Masaya,Cargill,posted,2026-08-01T12:22:13.304687,950
b1737702eab0d6f6,https://ni.linkedin.com/jobs/view/software-quality-assurance-qa-specialist-at-ibex-4444137702,Software Quality Assurance (QA) Specialist,ibex,posted,2026-08-01T12:22:22.392255,1074
87ee4dac0efc8a67,https://ni.linkedin.com/jobs/view/philosophy-logic-reviewer-intermediate-ai-community-4447570866,Philosophy & Logic Reviewer Intermediate (AI Community),TELUS International AI Data Solutions,posted,2026-08-01T12:22:43.696550,1076
3bb2e2a323f298b1,https://ni.linkedin.com/jobs/view/encargado-de-bodega-at-grupo-q-4446578972,Encargado de Bodega,,scraped,2026-08-03T17:03:16.548045,
a1087d680ebf7359,https://ni.linkedin.com/jobs/view/oficial-de-monitoreo-y-evaluaci%C3%B3n-nicaragua-at-fundaci%C3%B3n-ayuda-en-acci%C3%B3n-4446072815,Oficial de Monitoreo y Evaluación - Nicaragua,,scraped,2026-08-03T17:03:24.616906,
af4faccc8d2b5436,https://ni.linkedin.com/jobs/view/logistics-operations-assistant-fully-remote-at-valatam-4447400016,Logistics & Operations Assistant (Fully Remote),Valatam,posted,2026-08-03T17:03:39.703056,1078
b4a160e679446431,https://ni.linkedin.com/jobs/view/jr-social-media-marketing-assistant-at-valatam-4447179944,Jr. Social Media & Marketing Assistant,Valatam,posted,2026-08-03T17:03:47.493597,1080
9b7352681450dd87,https://ni.linkedin.com/jobs/view/logistics-coordinator-remote-at-nilo-brands-4446168066,Logistics Coordinator - (Remote),NILO BRANDS,posted,2026-08-03T17:03:57.324470,1082
3acebe11ce205d3b,https://ni.linkedin.com/jobs/view/administrative-associate-remote-latam-at-valatam-4447175968,Administrative Associate (Remote) - LATAM,Valatam,posted,2026-08-03T17:04:05.385764,1084
57bc6be6cae6ae7b,https://ni.linkedin.com/jobs/view/jr-operations-assistant-at-valatam-4447178942,Jr. Operations Assistant,Valatam,posted,2026-08-03T17:04:13.046173,1086
df97ad04aa3b912c,https://ni.linkedin.com/jobs/view/sr-executive-assistant-remote-at-valatam-4447198589,Sr. Executive Assistant (Remote),Valatam,posted,2026-08-03T17:04:20.901701,1088
292fcfe0c3339163,https://ni.linkedin.com/jobs/view/insurance-brokerage-administrative-assistant-at-the-a-career-4447834388,Insurance Brokerage Administrative Assistant,The A Career,posted,2026-08-03T17:04:29.179569,1090
c4dc143ff20669a6,https://ni.linkedin.com/jobs/view/digitador-at-dhl-express-4446523843,Digitador,DHL Express,posted,2026-08-03T17:04:47.796203,1092
b07d9bf9323042d5,https://ni.linkedin.com/jobs/view/key-account-manager-kam-at-cbc-4443619274,Key Account Manager (KAM),cbc,posted,2026-08-03T17:05:05.678523,1094
ac231eecea2d86fd,https://ni.linkedin.com/jobs/view/virtual-assistant-at-viva-talent-4448315968,Virtual Assistant,Viva Talent,posted,2026-08-03T17:05:13.374798,1096
17b52f700085bc8b,https://ni.linkedin.com/jobs/view/ejecutivo-de-ventas-norte-ocotal-at-cbc-4442896291,Ejecutivo de Ventas Norte - Ocotal,cbc,posted,2026-08-03T17:05:25.602143,1098
03f35d358f46caa8,https://ni.linkedin.com/jobs/view/virtual-paid-media-manager-at-valatam-4447191682,Virtual Paid Media Manager,Valatam,posted,2026-08-03T17:05:33.144960,1100
0e4525027092e54e,https://ni.linkedin.com/jobs/view/ejecutivo-de-ventas-managua-at-cbc-4444140766,EJECUTIVO DE VENTAS MANAGUA,cbc,posted,2026-08-03T17:05:41.003458,330
6adda2e63ceabc3b,https://ni.linkedin.com/jobs/view/call-center-sales-intake-specialist-nicaragua-at-ovation-law-firm-4445187848,Call Center Sales Intake Specialist (Nicaragua),Ovation Law Firm,posted,2026-08-03T17:06:00.988415,1102
b26748aca2eef4fa,https://ni.linkedin.com/jobs/view/supervisor-de-bodega-pergamino-s%C3%A9baco-at-ecom-agroindustrial-corp-ltd-4446938911,Supervisor de Bodega Pergamino - Sébaco,,scraped,2026-08-03T17:06:03.374512,
b27744d5702097d6,https://ni.linkedin.com/jobs/view/executive-assistant-at-workbetternow-4444968593,Executive Assistant,WorkBetterNow,posted,2026-08-03T17:06:12.046358,70
9034047ae94cd396,https://ni.linkedin.com/jobs/view/account-sales-executive-at-essity-4444186275,Account Sales Executive,,scraped,2026-08-03T17:06:16.648039,
1771304c531b3f97,https://ni.linkedin.com/jobs/view/desarrollador-desktop-junior-semi-senior-net-c%23-vb-net-4447994220,Desarrollador Desktop Junior/Semi-Senior (.NET / C# / VB.NET),Medi sut S.A,posted,2026-08-03T17:06:37.292600,1104
4143f56709cf4e4c,https://ni.linkedin.com/jobs/view/sales-specialist-at-cs-outsource-4447187764,Sales Specialist,CS Outsource,posted,2026-08-03T17:06:47.499281,1106
ddbb295126b4a12f,https://ni.linkedin.com/jobs/view/country-consultant-at-china-mobile-international-limited-4446900223,Country Consultant,,scraped,2026-08-03T17:06:52.205444,
3497401944dfc6ea,https://ni.linkedin.com/jobs/view/team-manager-at-ibex-4444143612,Team Manager,ibex,posted,2026-08-03T17:07:10.591994,1108
1b83be1fda2313f7,https://ni.linkedin.com/jobs/view/full-time-mva-legal-intake-and-retainer-conversion-specialist-at-growthx-4445979787,Full-Time MVA Legal Intake and Retainer Conversion Specialist,GrowthX,posted,2026-08-03T17:07:20.728344,1110
eeb3aed6d232b361,https://ni.linkedin.com/jobs/view/senior-accounts-payable-specialist-at-remitly-4436107492,Senior Accounts Payable Specialist,Remitly,posted,2026-08-03T17:07:36.139475,1112
71e9c0ca00a4f9da,https://ni.linkedin.com/jobs/view/supervisor-jr-de-call-center-espa%C3%B1ol-at-concentrix-4446127269,Supervisor Jr. de Call Center (Español),Concentrix,posted,2026-08-03T17:07:47.817040,1114
3091a6f9fa93cf86,https://ni.linkedin.com/jobs/view/software-engineer-elixir-phoenix-latin-america-remote-at-bluelight-4448118558,Software Engineer (Elixir/Phoenix) - Latin America (REMOTE),Bluelight,posted,2026-08-03T17:08:21.698419,1116
99421a430078dfba,https://ni.linkedin.com/jobs/view/supervisor-jr-de-call-center-espa%C3%B1ol-at-concentrix-4446927521,Supervisor Jr. de Call Center (Español),Concentrix,posted,2026-08-03T17:08:30.953985,1118
6b1a2323cf5aae18,https://ni.linkedin.com/jobs/view/agente-de-servicio-al-cliente-at-concentrix-4380005909,Agente de Servicio al Cliente,Concentrix,posted,2026-08-03T17:08:39.632753,1120
98c9e6222c61c27e,https://ni.linkedin.com/jobs/view/junior-customer-service-representative-remote-latam-at-valatam-4447186826,Junior Customer Service Representative (Remote) - LATAM,Valatam,posted,2026-08-03T17:08:48.308231,1122
3085514f9680b743,https://ni.linkedin.com/jobs/view/it-recruiter-remote-work-at-bairesdev-4448548535,IT Recruiter - Remote Work,BairesDev,posted,2026-08-05T16:10:31.758549,1124
05140be0044d7f54,https://ni.linkedin.com/jobs/view/hiring-journey-analyst-remote-work-at-bairesdev-4449128136,Hiring Journey Analyst - Remote Work,BairesDev,posted,2026-08-05T16:10:40.857148,118
bcb6f949719ce53f,https://ni.linkedin.com/jobs/view/talent-acquisition-specialist-at-toptal-4448605820,Talent Acquisition Specialist,Toptal,posted,2026-08-05T16:10:51.808364,774
473b087703e66187,https://ni.linkedin.com/jobs/view/ppc-specialist-nicaragua-at-dashclicks-4447959365,PPC Specialist - Nicaragua,DashClicks,posted,2026-08-05T16:10:59.558486,1126
9bda502fc9ea49d6,https://ni.linkedin.com/jobs/view/junior-talent-acquisition-specialist-at-link-up-bpo-4448893453,Junior Talent Acquisition Specialist,Link Up BPO,posted,2026-08-05T16:11:07.732901,1128
bff9b0ac00aab1bf,https://ni.linkedin.com/jobs/view/power-platform-ia-y-microsoft-copilot-at-deloitte-4449652579,Power Platform IA y Microsoft Copilot,Deloitte,posted,2026-08-05T16:11:16.291194,1130
b99895cb33ca1387,https://ni.linkedin.com/jobs/view/recruitment-manager-remote-latam-at-valatam-4448250315,Recruitment Manager (Remote) - LATAM,Valatam,posted,2026-08-05T16:11:26.132501,1132
4ad70b568113f4c3,https://ni.linkedin.com/jobs/view/curador-de-contenido-at-grupo-comercial-de-comunicaciones-4448390811,Curador de contenido,,scraped,2026-08-05T16:11:32.779708,
a98699b508285980,https://ni.linkedin.com/jobs/view/information-technology-manager-at-confidential-4448392460,Information Technology Manager,Confidential,posted,2026-08-05T16:11:49.288343,1134
a8ce2e8c3215aa4d,https://ni.linkedin.com/jobs/view/archivista-nicaragua-at-grupo-d%C3%B6kka-4447204464,Archivista - Nicaragua,,scraped,2026-08-05T16:11:53.970940,
05cacde25bdf36e7,https://ni.linkedin.com/jobs/view/associate-customer-success-bilingual-at-concentrix-4446248992,"Associate, Customer Success - Bilingual",Concentrix,posted,2026-08-05T16:12:02.877820,702
67ed8674b82d1fd2,https://ni.linkedin.com/jobs/view/jefe-de-auditor%C3%ADa-interna-oficina-managua-at-ecom-agroindustrial-corp-ltd-4446945796,Jefe de Auditoría Interna - Oficina Managua,,scraped,2026-08-05T16:12:05.291098,
0536fc54abb697e5,https://ni.linkedin.com/jobs/view/project-delivery-manager-network-at-beijing-foreign-enterprise-management-consultants-co-ltd-4447533762,Project Delivery Manager (Network),"Beijing Foreign Enterprise Management Consultants Co.,Ltd.",posted,2026-08-05T16:12:18.729389,1136
c2bf9ce5be724b98,https://ni.linkedin.com/jobs/view/editor-de-v%C3%ADdeo-4448638422,Editor de vídeo,Marketing Nicaragua,posted,2026-08-05T16:12:28.285215,1138
51e10f5db9fd21a0,https://ni.linkedin.com/jobs/view/global-compliance-assurance-leader-at-remitly-4447335346,Global Compliance Assurance Leader,Remitly,posted,2026-08-05T16:12:37.460036,1140
48966ee7cc455f05,https://ni.linkedin.com/jobs/view/remote-ai-automation-solutions-engineer-at-rtm-connect-by-betterwho-4449429247,Remote AI & Automation Solutions Engineer,RTM Connect by BetterWho,posted,2026-08-05T16:12:45.097561,1142
9fd33cb763989c42,https://ni.linkedin.com/jobs/view/associate-media-director-at-power-digital-marketing-4446687896,Associate Media Director,Power Digital Marketing,posted,2026-08-05T16:12:54.534728,1144
0021bb99c394b73d,https://ni.linkedin.com/jobs/view/marketing-coordinator-at-vtl-recruitment-process-4448319412,Marketing Coordinator,VTL Recruitment Process,posted,2026-08-05T16:13:02.122388,1146
5d2f86fe26994efa,https://ni.linkedin.com/jobs/view/supervisor-de-distribucion-y-almacen-managua-at-cargill-4446261439,Supervisor de Distribucion y Almacen( Managua),Cargill,posted,2026-08-05T16:13:07.436131,378
3fb62de77ec1dc65,https://ni.linkedin.com/jobs/view/email-sms-marketing-manager-at-valatam-4447195648,Email & SMS Marketing Manager,Valatam,posted,2026-08-05T16:13:16.863435,1148
0b3b2e837a09a250,https://ni.linkedin.com/jobs/view/ejecutivo-de-negocios-de-afiliaciones-de-canales-alternos-at-grupo-lafise-4449067837,Ejecutivo de Negocios de Afiliaciones de Canales Alternos,Grupo LAFISE,posted,2026-08-05T16:13:25.486988,1150
df51d14206595cba,https://ni.linkedin.com/jobs/view/bilingual-collections-and-billing-assistant-spanish-english-at-mangone-law-firm-llc-4449662309,Bilingual Collections and billing assistant (Spanish-English).,"Mangone Law Firm, LLC",posted,2026-08-05T16:13:35.423856,1152
05688431bc472339,https://ni.linkedin.com/jobs/view/assistant-maintenance-manager-at-simple-call-solutions-4448874374,Assistant Maintenance Manager,Simple Call Solutions,posted,2026-08-05T16:13:43.338034,1154
004097f0402a7acb,https://ni.linkedin.com/jobs/view/auditor-contr-cal-fin-yproc-at-gildan-4446883140,Auditor-Contr Cal.Fin.yProc.,,scraped,2026-08-05T16:13:47.925061,
b24c1eb1d42c49a8,https://ni.linkedin.com/jobs/view/sales-executive-sr-at-lato-jobs-4449094836,Sales Executive Sr,,scraped,2026-08-05T16:13:56.671507,
d0a4b3730a460143,https://ni.linkedin.com/jobs/view/mecanico-automotriz-at-grupo-q-4449434613,Mecanico Automotriz,,scraped,2026-08-05T16:14:04.185985,
b2f009a8cc5f2c7b,https://ni.linkedin.com/jobs/view/pasante-administrativo-at-ey-4447696569,Pasante administrativo,EY,posted,2026-08-05T16:14:20.029186,1156
c7b54a5e7e86ed42,https://ni.linkedin.com/jobs/view/account-executive-sr-at-lato-jobs-4449098600,Account Executive Sr,,scraped,2026-08-05T16:14:22.706828,
478e08a53cb45347,https://ni.linkedin.com/jobs/view/tuy%E1%BB%83n-d%E1%BB%A5ng-th%E1%BB%B1c-t%E1%BA%ADp-l%E1%BA%ADp-tr%C3%ACnh-dot-net-net-%C4%91%E1%BB%A3t-i-2022-at-izisolution-4445049533,Tuyển dụng Thực tập lập trình Dot Net(.Net) đợt I/2022,,scraped,2026-08-05T16:14:28.604452,
cf96646ad37f2960,https://ni.linkedin.com/jobs/view/talent-acquisition-analyst-remote-work-at-bairesdev-4448529595,Talent Acquisition Analyst - Remote Work,BairesDev,posted,2026-08-05T16:14:43.740670,276
88d13f675a4e626e,https://ni.linkedin.com/jobs/view/application-security-engineer-checkmarx-sast-remote-work-at-bairesdev-4448560787,Application Security Engineer (Checkmarx / SAST) - Remote Work,BairesDev,posted,2026-08-05T16:14:48.760018,290
de89c9e8c1f1aec7,https://ni.linkedin.com/jobs/view/corporate-travel-and-mobility-agent-remote-work-at-bairesdev-4448546157,Corporate Travel and Mobility Agent - Remote Work,BairesDev,posted,2026-08-05T16:14:53.590830,472
8ad732b85bbf406d,https://ni.linkedin.com/jobs/view/social-media-manager-at-elite-online-media-4448884960,Social Media Manager,Elite Online Media,posted,2026-08-05T16:15:03.851356,1158
458e967a3bebae03,https://ni.linkedin.com/jobs/view/young-professional-%E2%80%93-learning-development-remote-work-at-bairesdev-4448554435,Young Professional – Learning & Development - Remote Work,BairesDev,posted,2026-08-05T16:15:08.668076,396
79ee381e6f9625d9,https://ni.linkedin.com/jobs/view/digital-marketing-strategist-at-elite-online-media-4448897686,Digital Marketing Strategist,Elite Online Media,posted,2026-08-05T16:15:13.499776,552
929ef97d1533c4b9,https://ni.linkedin.com/jobs/view/entregador-a-de-productos-estel%C3%AD-at-cargill-4444145417,Entregador(a) de Productos - Estelí,Cargill,posted,2026-08-05T16:15:24.541254,1160
a3e6616bd7d50d10,https://ni.linkedin.com/jobs/view/operador-de-montacargas-managua-at-cbc-4445055036,Operador de Montacargas Managua,cbc,posted,2026-08-05T16:15:44.492545,1162
2c84bea20cf4247e,https://ni.linkedin.com/jobs/view/supervisor-health-care-at-ibex-4446665856,Supervisor - Health Care,ibex,posted,2026-08-05T16:15:55.630875,1164
72121097a9b563cc,https://ni.linkedin.com/jobs/view/delivery-manager-remote-work-at-bairesdev-4448560220,Delivery Manager - Remote Work,BairesDev,posted,2026-08-05T16:16:03.774741,1166
ea8706cacae96e45,https://ni.linkedin.com/jobs/view/ingeniero-de-seguridad-de-aplicaciones-checkmarx-sast-trabajo-remoto-at-bairesdev-4448563964,Ingeniero de Seguridad de Aplicaciones (Checkmarx / SAST) - Trabajo Remoto,BairesDev,posted,2026-08-05T16:16:08.481054,198
7d3cd2a130d503af,https://ni.linkedin.com/jobs/view/auxiliar-general-del-bodega-at-cbc-4447301348,Auxiliar general del bodega,cbc,posted,2026-08-05T16:16:20.071776,1168
85b63040b8efb8ce,https://ni.linkedin.com/jobs/view/operations-project-associate-fully-remote-at-valatam-4447198457,Operations & Project Associate (Fully Remote),Valatam,posted,2026-08-05T16:16:31.797771,1170
7386b01898048f11,https://ni.linkedin.com/jobs/view/senior-devsecops-engineer-remote-work-at-bairesdev-4449109767,Senior DevSecOps Engineer - Remote Work,BairesDev,posted,2026-08-05T16:16:40.643121,468
9a7a3ede583bc73c,https://ni.linkedin.com/jobs/view/marketing-social-media-specialist-at-valatam-4447401034,Marketing & Social Media Specialist,Valatam,posted,2026-08-05T16:16:52.293831,1172
466bd0fb53d507e4,https://ni.linkedin.com/jobs/view/cajero-sucursal-rio-blanco-at-grupo-lafise-4449046410,Cajero - Sucursal Rio Blanco,Grupo LAFISE,posted,2026-08-05T16:17:10.429409,1174
cfa037fd16d7fbe7,https://ni.linkedin.com/jobs/view/ingeniero-de-preventa-digital-1-at-millicom-tigo-4449414613,Ingeniero de Preventa Digital 1,,scraped,2026-08-05T16:17:13.179550,
9ffa4c911ba3516d,https://ni.linkedin.com/jobs/view/software-engineer-elixir-phoenix-remote-latin-america-at-bluelight-4448634253,Software Engineer - Elixir/Phoenix - Remote - Latin America,Bluelight,posted,2026-08-05T16:17:28.866751,1176
d2a8946f0ee0cfb0,https://ni.linkedin.com/jobs/view/jefe-centro-de-servicios-compartidos-pais-at-grupo-q-4449428802,Jefe Centro de Servicios Compartidos Pais,,scraped,2026-08-05T16:17:35.430745,
75ed9d9b458f34c8,https://ni.linkedin.com/jobs/view/jefe-de-tienda-estel%C3%AD-at-empresas-adoc-4448255416,Jefe de Tienda Estelí,,scraped,2026-08-05T16:17:46.430373,
9fcb69eb74ae2516,https://ni.linkedin.com/jobs/view/software-engineer-elixir-phoenix-remote-latin-america-at-bluelight-4448624490,Software Engineer - Elixir/Phoenix - Remote - Latin America,Bluelight,posted,2026-08-05T16:17:56.450491,1176
39ee4b27c034cce5,https://ni.linkedin.com/jobs/view/software-engineer-elixir-phoenix-latin-america-remote-at-bluelight-4448108747,Software Engineer (Elixir/Phoenix) - Latin America (REMOTE),Bluelight,posted,2026-08-05T16:18:01.633007,1116
ae953c3feddfea5e,https://ni.linkedin.com/jobs/view/software-engineer-elixir-phoenix-remote-latin-america-at-bluelight-4448635139,Software Engineer - Elixir/Phoenix - Remote - Latin America,Bluelight,posted,2026-08-05T16:18:06.582373,1176
7af2274dc5381705,https://ni.linkedin.com/jobs/view/software-engineer-elixir-phoenix-remote-latin-america-at-bluelight-4448623541,Software Engineer - Elixir/Phoenix - Remote - Latin America,Bluelight,posted,2026-08-05T16:18:11.446878,1176
a88ec1bf4bf5f224,https://ni.linkedin.com/jobs/view/desarrollador-desktop-4448306018,Desarrollador Desktop,Medisut,posted,2026-08-05T16:18:18.363901,1178
a750e22ca77b00d3,https://ni.linkedin.com/jobs/view/joiners-required-at-paul-mcgrogan-contracts-ltd-4449440671,Joiners Required,,scraped,2026-08-07T09:43:55.587269,
29be8157896eeddd,https://ni.linkedin.com/jobs/view/what-is-net-metering%3F-understanding-west-virginia%E2%80%99s-favorable-net-metering-policy-at-revolt-energy-solar-experts-4447680380,What Is Net Metering?  Understanding West Virginia’s Favorable Net Metering Policy,"Revolt Energy, Solar Experts",posted,2026-08-07T09:44:15.380982,1180
9335248a3a3036fc,https://ni.linkedin.com/jobs/view/hgv-academy-driver-coleraine-ni-at-lynas-foodservice-4448726415,"HGV Academy Driver - Coleraine, NI",,scraped,2026-08-07T09:44:17.998981,
42f8084932e52f8a,https://ni.linkedin.com/jobs/view/outbound-warehouse-operative-nightshift-coleraine-ni-at-lynas-foodservice-4448708941,"Outbound Warehouse Operative, Nightshift - Coleraine, NI",,scraped,2026-08-07T09:44:25.899358,
5368526882b5a793,https://ni.linkedin.com/jobs/view/collections-representative-at-the-a-career-4434510042,Collections Representative,The A Career,posted,2026-08-07T09:44:45.982155,534
b94ae959c6b562d4,https://ni.linkedin.com/jobs/view/receptionist-office-admin-at-crowley-4440327072,"Receptionist, Office Admin",Crowley,posted,2026-08-07T09:44:57.291117,1182
441d092aa1bb883f,https://ni.linkedin.com/jobs/view/programador-de-mantenimiento-at-cbc-4446241154,PROGRAMADOR DE MANTENIMIENTO,cbc,posted,2026-08-07T09:45:13.694975,1184
a291b606a04dfc84,https://ni.linkedin.com/jobs/view/oficial-de-cobranzas-at-grupo-lafise-4449682182,Oficial de Cobranzas,Grupo LAFISE,posted,2026-08-07T09:45:31.095183,1186
76755c22ff2eb5cf,https://ni.linkedin.com/jobs/view/control-panel-builder-at-manor-switchgear-controls-ltd-4447313715,Control Panel Builder,,scraped,2026-08-07T09:45:36.202040,
6e9be85ac67ade25,https://ni.linkedin.com/jobs/view/content-creator-at-grupo-comercial-de-comunicaciones-4450641732,Content Creator,,scraped,2026-08-07T09:45:59.282500,
2f47b629268e643d,https://ni.linkedin.com/jobs/view/ios-developer-at-applaudo-4448608623,iOS Developer,,scraped,2026-08-07T09:46:07.099955,
5ef74dd191c9400d,https://ni.linkedin.com/jobs/view/soporte-de-retail-at-empresas-adoc-4448250850,Soporte de Retail,,scraped,2026-08-07T09:46:14.533071,
d60d926df4805a0d,https://ni.linkedin.com/jobs/view/business-funding-sales-agent-remote-%E2%80%93-latin-america-at-e-click-solutions-llc-4448701595,Business Funding Sales Agent (Remote – Latin America),E Click Solutions LLC,posted,2026-08-07T09:46:34.614985,1188
5a116a6b8ccfdcc1,https://ni.linkedin.com/jobs/view/team-leader-production-at-yazaki-north-america-4072306622,"Team Leader, Production",Yazaki North America,posted,2026-08-07T09:46:54.838116,1190
f9946207a45d873f,https://ni.linkedin.com/jobs/view/business-development-manager-at-staffright-careers-4446678399,Business Development Manager,StaffRight Careers,posted,2026-08-07T09:47:05.473977,1192
917b3a03fec80b54,https://ni.linkedin.com/jobs/view/head-of-op-maintenance-test-service-supervisor-jr-de-mantenimiento-at-dr%C3%A4xlmaier-group-4449000375,Head of Op. Maintenance Test Service (Supervisor Jr de Mantenimiento),,scraped,2026-08-07T09:47:08.497038,
11c59f597d7173a4,https://ni.linkedin.com/jobs/view/software-engineer-elixir-phoenix-latin-america-remote-at-bluelight-4447899868,Software Engineer (Elixir/Phoenix) - Latin America (REMOTE),Bluelight,posted,2026-08-07T09:47:18.988428,1116
d2c059d2876cec56,https://ni.linkedin.com/jobs/view/auditor-interno-senior-at-grupo-q-4449443510,Auditor Interno Senior,,scraped,2026-08-07T09:47:22.137141,
0141113c36c5e1d9,https://ni.linkedin.com/jobs/view/virtual-assistant-at-cs-outsource-4449325179,Virtual Assistant,CS Outsource,posted,2026-08-07T09:47:33.535921,1096
70f4ce4096ce1985,https://ni.linkedin.com/jobs/view/sales-executive-evergreen-at-colgate-palmolive-4423983629,Sales Executive (Evergreen),Colgate-Palmolive,posted,2026-08-07T09:47:47.430187,1194
acc6dd2a4cad5584,https://ni.linkedin.com/jobs/view/asesor-comercial-sap-business-one-at-fcs-consultores-sap-partner-regional-4450294765,Asesor Comercial SAP (Business One),,scraped,2026-08-07T09:47:52.557022,
30e4847c02dc9f5c,https://ni.linkedin.com/jobs/view/senior-cisco-network-engineer-at-crue-4449022209,Senior Cisco Network Engineer,Crue,posted,2026-08-07T09:48:11.409840,1196
7553205775b63ccd,https://ni.linkedin.com/jobs/view/planning-case-assistant-at-oremota-4450639869,Planning Case Assistant,Oremota,posted,2026-08-07T09:48:21.620384,1198
3964ceaaee617594,https://ni.linkedin.com/jobs/view/executive-assistant-at-vertical-data-4448542300,Executive Assistant,Vertical Data,posted,2026-08-07T09:48:27.368278,70
fa181b5d4144ba8c,https://ni.linkedin.com/jobs/view/vendedor-de-productos-industriales-at-ac-talentos-4449312640,Vendedor de productos Industriales,AC Talentos,posted,2026-08-07T09:48:38.288323,1200
e53fc2d6e6f2c0d8,https://ni.linkedin.com/jobs/view/outbound-call-center-agent-cold-calling-business-development-remote-at-shift-4450646611,Outbound Call Center Agent - Cold Calling / Business Development (Remote),shift,posted,2026-08-07T09:48:48.071432,1202
94ec48a27f0d1f52,https://ni.linkedin.com/jobs/view/vendedor-de-herramientas-industriales-at-ac-talentos-4449314590,Vendedor de Herramientas industriales,AC Talentos,posted,2026-08-07T09:48:59.112263,1204
6d67aff9f91b1d8a,https://ni.linkedin.com/jobs/view/pasante-legal-compliance-at-holcim-nicaragua-4441221966,Pasante Legal & Compliance,,scraped,2026-08-07T09:49:02.172670,
81bebf807bacd0ea,https://ni.linkedin.com/jobs/view/agente-de-ventas-call-center-at-igs-i-integral-group-solution-4450647045,Agente de ventas call center,IGS I Integral Group Solution,posted,2026-08-07T09:49:18.190632,1206
e1766cd7224e8ce5,https://ni.linkedin.com/jobs/view/ejecutivo-de-negocios-financieros-at-empresa-confidencial-4443435432,EJECUTIVO DE NEGOCIOS FINANCIEROS,Empresa Confidencial,posted,2026-08-07T09:49:30.318824,1208
0d014f9ab6d1dec0,https://ni.linkedin.com/jobs/view/rn-health-and-wellness-director-at-pikes-peak-post-acute-4447728572,"RN,Health and Wellness Director",Pikes Peak Post Acute,posted,2026-08-07T09:49:41.782204,1210
0097ad4754582d10,https://ni.linkedin.com/jobs/view/recruiting-manager-remote-work-at-bairesdev-4449782820,Recruiting Manager - Remote Work,BairesDev,posted,2026-08-07T09:49:53.986818,434
cd10a20f31f6225f,https://ni.linkedin.com/jobs/view/talent-acquisition-associate-remote-work-at-bairesdev-4449177071,Talent Acquisition Associate - Remote Work,BairesDev,posted,2026-08-07T09:50:05.877740,678
4c884f681c9911a2,https://ni.linkedin.com/jobs/view/junior-sales-development-representative-remote-latam-at-valatam-4447177903,Junior Sales Development Representative (Remote) - LATAM,Valatam,posted,2026-08-07T09:50:15.619837,1212
8536dc6bc9d20f51,https://ni.linkedin.com/jobs/view/project-manager-remote-work-at-bairesdev-4449135370,Project Manager - Remote Work,BairesDev,posted,2026-08-07T09:50:25.997833,1214
d92969484c9b5937,https://ni.linkedin.com/jobs/view/machine-learning-engineer-remote-work-at-bairesdev-4449775121,Machine Learning Engineer - Remote Work,BairesDev,posted,2026-08-07T09:50:31.476835,238
3c49e58d0ec73443,https://ni.linkedin.com/jobs/view/doctor-a-at-gildan-4450659135,Doctor (a),,scraped,2026-08-07T09:50:38.246089,
5a859e4ff94f0d75,https://ni.linkedin.com/jobs/view/project-manager-it-remote-work-at-bairesdev-4449142180,Project Manager (IT) - Remote Work,BairesDev,posted,2026-08-07T09:50:57.928100,1216
b29c38794af20f78,https://ni.linkedin.com/jobs/view/supervisor-de-formalizaci%C3%B3n-at-grupo-lafise-4448651048,Supervisor de Formalización,Grupo LAFISE,posted,2026-08-07T09:51:13.978759,1218
68c4d9cf146d8d23,https://ni.linkedin.com/jobs/view/staff-accountant-at-veta-virtual-4440619801,Staff Accountant,,scraped,2026-08-07T09:51:20.739847,
df910cb4778dd68f,https://ni.linkedin.com/jobs/view/t%C3%A9cnico-a-electricista-managua-at-cargill-4446260446,Técnico (a) Electricista - Managua,Cargill,posted,2026-08-07T09:51:36.474105,1220
69bb1396293a0866,https://ni.linkedin.com/jobs/view/legal-assistant-at-veta-virtual-4449313021,Legal Assistant,,scraped,2026-08-07T09:51:39.084553,
d57f49af9cc6ef43,https://ni.linkedin.com/jobs/view/leasing-assistant-at-the-a-career-4450646955,Leasing Assistant,The A Career,posted,2026-08-07T09:51:53.022094,1222
01f56486d93a729d,https://ni.linkedin.com/jobs/view/sales-executive-for-campus-live-remote-work-at-bairesdev-4449140261,Sales Executive for Campus Live - Remote Work,BairesDev,posted,2026-08-07T09:52:00.785661,244
565f57396cf1e438,https://ni.linkedin.com/jobs/view/property-manager-at-cs-outsource-4449310636,Property Manager,CS Outsource,posted,2026-08-07T09:52:16.456608,802
1e692158c07613ab,https://ni.linkedin.com/jobs/view/coordinador-de-servicio-al-cliente-at-grupo-q-4449426872,Coordinador de Servicio al Cliente,,scraped,2026-08-07T09:52:23.102024,
329b0b1319d302e3,https://ni.linkedin.com/jobs/view/supervisor-de-ventas-occidente-at-cbc-4446680383,Supervisor de ventas Occidente,cbc,posted,2026-08-07T09:52:46.532167,1224
10f796b511f8034b,https://ni.linkedin.com/jobs/view/full-stack-software-engineer-at-veta-virtual-4448458557,Full-Stack Software Engineer,,scraped,2026-08-07T09:52:49.608744,
532049829dc6cc9a,https://ni.linkedin.com/jobs/view/jefe-de-taller-mecanica-at-grupo-q-4449446259,Jefe de Taller Mecanica,,scraped,2026-08-07T09:52:56.330018,
755c9112736b526b,https://ni.linkedin.com/jobs/view/human-resources-intern-at-ibex-4446669029,Human Resources Intern,ibex,posted,2026-08-07T09:53:12.667541,1226
c50fb66c9a29f0fe,https://ni.linkedin.com/jobs/view/jefe-de-ventas-at-grupo-q-4449426873,Jefe de Ventas,,scraped,2026-08-07T09:53:17.521063,
2847db10f9150ce4,https://ni.linkedin.com/jobs/view/pasante-de-finanzas-at-millicom-tigo-4449954431,Pasante de Finanzas,,scraped,2026-08-07T09:53:25.469865,
d2b1da9636cc4c8e,https://ni.linkedin.com/jobs/view/ejecutivo-a-comercial-%E2%80%93-ramos-generales-at-confidential-4449743817,Ejecutivo(a) Comercial – Ramos Generales,Confidential,posted,2026-08-07T09:53:39.782445,1228
8de7a21bea96d4a2,https://ni.linkedin.com/jobs/view/patient-service-representative-at-oremota-4450297043,Patient Service Representative,Oremota,posted,2026-08-07T09:53:50.463643,1230
1a6da3ac3893f466,https://ni.linkedin.com/jobs/view/asesor-de-ventas-at-grupo-q-4449430783,Asesor de Ventas,,scraped,2026-08-07T09:53:53.558181,
c86c34548ce8392d,https://ni.linkedin.com/jobs/view/soporte-t%C3%A9cnico-pos-at-grupo-lafise-4449067990,Soporte Técnico POS,Grupo LAFISE,posted,2026-08-07T09:54:09.634498,1232
ed3278f917959c65,https://ni.linkedin.com/jobs/view/nicaragua-at-teamed-4451065146,Nicaragua,,scraped,2026-08-09T09:24:27.257095,
3ae76bf9de202559,https://ni.linkedin.com/jobs/view/nicaragua-at-sofgen-pharma-4450910975,Nicaragua,,scraped,2026-08-09T09:24:46.328040,
751abfe1521d5229,https://ni.linkedin.com/jobs/view/business-development-executive-remote-at-workbetternow-4450626595,Business Development Executive -Remote,WorkBetterNow,posted,2026-08-09T09:25:04.621105,1234
7f18bb7a53ebcb31,https://ni.linkedin.com/jobs/view/recibidor-despachador-estel%C3%AD-at-cargill-4449271298,Recibidor despachador (Estelí),Cargill,posted,2026-08-09T09:25:14.959525,1236
25c7e48bf5982a79,https://ni.linkedin.com/jobs/view/recibidor-despachador-at-cargill-4449258574,Recibidor despachador,Cargill,posted,2026-08-09T09:25:26.297604,282
763e39497c143c2b,https://ni.linkedin.com/jobs/view/new-hire-operator-production-at-yazaki-north-america-4450739599,"New Hire Operator, Production",Yazaki North America,posted,2026-08-09T09:25:37.269449,928
fa18f8677844bcb8,https://ni.linkedin.com/jobs/view/coordinador-de-produccion-at-cbc-4446687405,COORDINADOR DE PRODUCCION,cbc,posted,2026-08-09T09:25:51.604882,1238
3c68e21b111afdfd,https://ni.linkedin.com/jobs/view/asesor-sac-at-coca-cola-femsa-4447304334,Asesor SAC,,scraped,2026-08-09T09:25:54.141151,
91934fdea9c693a9,https://ni.linkedin.com/jobs/view/experienced-immigration-paralegal-at-o-l-a-immigration-llc-4450632730,Experienced Immigration Paralegal,"O.L.A. Immigration, LLC",posted,2026-08-09T09:26:08.587545,1240
fbe9713183376ae9,https://ni.linkedin.com/jobs/view/project-manager-remote-latin-america-at-bluelight-4450779658,"Project Manager - Remote, Latin America",Bluelight,posted,2026-08-09T09:26:18.385829,1242
8b40b1c2352829d8,https://ni.linkedin.com/jobs/view/sales-outbound-support-specialist-at-hirehawk-4451003088,Sales & Outbound Support Specialist,HireHawk,posted,2026-08-09T09:26:29.307533,1244
f677bf6010390980,https://ni.linkedin.com/jobs/view/auxiliar-de-bodega-at-aliaxis-latam-4450371855,AUXILIAR DE BODEGA,,scraped,2026-08-09T09:26:37.782329,
5afe85ebe82a8942,https://ni.linkedin.com/jobs/view/ejecutivo-a-de-incubacion-at-pedidosya-4449139608,Ejecutivo/a de Incubacion,,scraped,2026-08-09T09:26:47.263505,
3d48bb597aa0a938,https://ni.linkedin.com/jobs/view/oficial-de-credito-at-microfinanciera-fundeser-4429217346,OFICIAL DE CREDITO,,scraped,2026-08-09T09:26:53.568109,
8f427d9ede8fed68,https://ni.linkedin.com/jobs/view/associate-global-service-desk-at-concentrix-4448948312,"Associate, Global Service Desk",Concentrix,posted,2026-08-09T09:27:13.014389,1246
f99422ad036f1598,https://ni.linkedin.com/jobs/view/desarrollador-desktop-4325837935,Desarrollador Desktop,Medisut,posted,2026-08-09T09:27:17.282959,1178
c712f284e92e8e11,https://ni.linkedin.com/jobs/view/contador-general-at-boxful-latam-4451091417,Contador general,,scraped,2026-08-09T09:27:19.886614,
86e2056130124927,https://ni.linkedin.com/jobs/view/auxiliar-administrativo-at-coca-cola-femsa-4449225957,Auxiliar Administrativo,,scraped,2026-08-09T09:27:26.388010,
67a83810a30388f1,https://ni.linkedin.com/jobs/view/personal-injury-intake-specialist-at-legal-staff-now-4448617685,Personal Injury Intake Specialist,Legal Staff Now,posted,2026-08-09T09:27:39.093270,1248
f3686eed6f796121,https://ni.linkedin.com/jobs/view/veterinario-at-veterinaria-my-pet-4448487746,Veterinario,Veterinaria My Pet,posted,2026-08-09T09:27:53.521108,1250
c186a33fe4d60b2d,https://ni.linkedin.com/jobs/view/generalista-de-recursos-humanos-at-spc-internacional-4449095014,Generalista de Recursos Humanos,,scraped,2026-08-09T09:27:56.167562,
7890af69d5e30af6,https://ni.linkedin.com/jobs/view/virtual-executive-assistant-remote-at-viva-talent-4451082615,Virtual Executive Assistant (Remote),Viva Talent,posted,2026-08-09T09:28:08.896349,82
912aaaa53d080f5d,https://ni.linkedin.com/jobs/view/executive-sales-representative-at-oremota-4450255971,Executive Sales Representative,Oremota,posted,2026-08-09T09:28:17.672973,1252
c9fbf2e80b58c504,https://ni.linkedin.com/jobs/view/bilingual-medical-receptionist-admin-behavioral-health-at-vital-virtuals-global-hr-solutions-4450371693,Bilingual Medical Receptionist/Admin (Behavioral Health),Vital Virtuals Global HR Solutions,posted,2026-08-09T09:28:27.168434,1254
45ea7fc43019207e,https://ni.linkedin.com/jobs/view/asistente-de-contabilidad-at-spc-internacional-4449075900,Asistente de Contabilidad,,scraped,2026-08-09T09:28:29.819084,
5807a04c734317a8,https://ni.linkedin.com/jobs/view/desarrollador-de-cuentas-jr-zona-norte-y-sur-at-holcim-nicaragua-4433543399,Desarrollador de Cuentas JR (Zona Norte y Sur),,scraped,2026-08-09T09:28:39.769005,
911967fa25fdbde3,https://ni.linkedin.com/jobs/view/jefe-de-ventas-canal-distribuidores-at-confidential-4449002799,JEFE DE VENTAS CANAL DISTRIBUIDORES,Confidential,posted,2026-08-09T09:28:54.128116,1256
085454b3828e6753,https://ni.linkedin.com/jobs/view/vendedor-jr-at-retecsa-representaciones-t%C3%A9cnicas-lanuza-s-a-4449684756,Vendedor Jr.,"RETECSA Representaciones Técnicas Lanuza, S.A.",posted,2026-08-09T09:29:07.186184,1258
48db6cd342cdcbde,https://ni.linkedin.com/jobs/view/staff-civil-engineer-emi-nicaragua-at-engineering-ministries-international-emi-south-africa-4451050332,"Staff Civil Engineer, EMI Nicaragua",Engineering Ministries International (EMI) South Africa,posted,2026-08-09T09:29:12.294354,570
d63a72e9579a891b,https://ni.linkedin.com/jobs/view/virtual-medical-front-desk-medical-receptionist-pain-spine-at-staffing-for-doctors-4446699546,Virtual Medical Front Desk / Medical Receptionist - Pain & Spine,Staffing For Doctors,posted,2026-08-09T09:29:21.192363,1260
f2c436feb737130f,https://ni.linkedin.com/jobs/view/consultor-a-sap-group-reporting-senior-%E2%80%93-ingl%C3%A9s-alto-%E2%80%93-100%25-remoto-latam-%E2%80%93-bolsa-de-horas-garantizada-nicaragua-at-sapindex-4450257770,Consultor/a SAP Group Reporting Senior – Inglés Alto – 100% Remoto LATAM – Bolsa de Horas Garantizada - Nicaragua,,scraped,2026-08-09T09:29:23.810997,
80d47a2531b346fc,https://ni.linkedin.com/jobs/view/senior-recruiter-remote-work-at-bairesdev-4449194683,Senior Recruiter - Remote Work,BairesDev,posted,2026-08-09T09:29:34.990692,166
985f3c8ccdb9e880,https://ni.linkedin.com/jobs/view/crm-manager-remote-work-at-bairesdev-4448997696,CRM Manager - Remote Work,BairesDev,posted,2026-08-09T09:29:39.980377,748
096d04c02ae4952c,https://ni.linkedin.com/jobs/view/talent-quality-auditor-remote-work-at-bairesdev-4448554042,Talent Quality Auditor - Remote Work,BairesDev,posted,2026-08-09T09:29:45.091660,932
6ae8f75ab9154349,https://ni.linkedin.com/jobs/view/hgv-delivery-driver-coleraine-ni-at-lynas-foodservice-4448728344,"HGV Delivery Driver - Coleraine, NI",,scraped,2026-08-09T09:29:47.619282,
e0684729e6521620,https://ni.linkedin.com/jobs/view/recruiting-analyst-remote-work-at-bairesdev-4448575538,Recruiting Analyst - Remote Work,BairesDev,posted,2026-08-09T09:30:00.694800,1262
2981a14d2f9f970d,https://ni.linkedin.com/jobs/view/product-security-engineer-remote-work-at-bairesdev-4448545992,Product Security Engineer - Remote Work,BairesDev,posted,2026-08-09T09:30:06.246419,412
05337d760e2e7a3d,https://ni.linkedin.com/jobs/view/crm-manager-remote-work-at-bairesdev-4448996756,CRM Manager - Remote Work,BairesDev,posted,2026-08-09T09:30:11.479361,748
910ea39d53f57acf,https://ni.linkedin.com/jobs/view/technical-project-manager-remote-work-at-bairesdev-4449135147,Technical Project Manager - Remote Work,BairesDev,posted,2026-08-09T09:30:19.711374,1264
f0ef241afb159b41,https://ni.linkedin.com/jobs/view/operador-a-i-indirecto-masaya-at-cargill-4450286734,Operador(a) I  Indirecto - Masaya,Cargill,posted,2026-08-09T09:30:29.860131,1266
b7530d7fe4899115,https://ni.linkedin.com/jobs/view/doctor-at-gildan-4450044763,Doctor,,scraped,2026-08-09T09:30:32.490297,
c657dce2802118f1,https://ni.linkedin.com/jobs/view/operador-a-i-indirecto-masaya-at-cargill-4448452412,Operador(a) I Indirecto - Masaya,Cargill,posted,2026-08-09T09:30:48.401447,1268
bec06985b0025c91,https://ni.linkedin.com/jobs/view/gerente-de-arquitectura-de-software-at-deloitte-4449675216,Gerente de arquitectura de software,Deloitte,posted,2026-08-09T09:30:53.513477,192
9e61c49bc82f9f9a,https://ni.linkedin.com/jobs/view/operador-a-i-indirecto-masaya-at-cargill-4448449497,Operador(a) I Indirecto - Masaya,Cargill,posted,2026-08-09T09:31:05.607688,1270
cb5008e632b3c2ae,https://ni.linkedin.com/jobs/view/operador-de-facturaci%C3%B3n-y-b%C3%A1scula-331479-at-cargill-4451078673,Operador de Facturación y Báscula(331479),Cargill,posted,2026-08-09T09:31:17.448464,1272
170b3b19205d9f23,https://ni.linkedin.com/jobs/view/senior-fp-a-analyst-at-remitly-4450769904,Senior FP&A Analyst,Remitly,posted,2026-08-09T09:31:27.694825,1274
1e1dadde137b2db2,https://ni.linkedin.com/jobs/view/android-developer-at-applaudo-4448620146,Android Developer,,scraped,2026-08-09T09:31:34.335739,
c44f3b2bc81a3ea1,https://ni.linkedin.com/jobs/view/project-manager-senior-remote-work-at-bairesdev-4449111784,Project Manager Senior - Remote Work,BairesDev,posted,2026-08-09T09:31:47.252761,1276
690061252a42c67d,https://ni.linkedin.com/jobs/view/ingeniero-de-seguridad-de-aplicaciones-checkmarx-sast-trabajo-remoto-at-bairesdev-4448564908,Ingeniero de Seguridad de Aplicaciones (Checkmarx / SAST) - Trabajo Remoto,BairesDev,posted,2026-08-09T09:31:52.143551,198
640c5216aaa4d5d9,https://ni.linkedin.com/jobs/view/supervisor-salud-y-seguridad-gildan-rivas-at-gildan-4451093976,"Supervisor, Salud y Seguridad Gildan Rivas",,scraped,2026-08-09T09:31:54.475405,
df4f49432c585858,https://ni.linkedin.com/jobs/view/auxiliar-de-ventas-i-masaya-at-cargill-4441621205,Auxiliar de Ventas I - Masaya,Cargill,posted,2026-08-09T09:32:04.810287,742
aaa4f83862eefcc7,https://ni.linkedin.com/jobs/view/operario-a-de-despacho-matagalpa-at-cargill-4449270321,Operario(a) de Despacho - Matagalpa,Cargill,posted,2026-08-09T09:32:15.412947,1278
a3eccdcade27680b,https://ni.linkedin.com/jobs/view/gerente-de-recursos-humanos-chinandega-at-gildan-4450287441,Gerente de Recursos Humanos - Chinandega,,scraped,2026-08-09T09:32:17.829541,
80686afacacc8ad2,https://ni.linkedin.com/jobs/view/operador-a-de-producci%C3%B3n-masaya-at-cargill-4437635213,Operador(a) de Producción - Masaya,Cargill,posted,2026-08-09T09:32:32.908503,1280
44b37395637d733e,https://ni.linkedin.com/jobs/view/senior-it-project-manager-remote-work-at-bairesdev-4449136182,Senior IT Project Manager - Remote Work,BairesDev,posted,2026-08-09T09:32:43.259896,1282
36e97ff9dec7640c,https://ni.linkedin.com/jobs/view/supervisor-producci%C3%B3n-at-gildan-4449933261,Supervisor - Producción,,scraped,2026-08-09T09:32:47.675352,
7bc90c444c0f1d46,https://ni.linkedin.com/jobs/view/lv-switchboard-%E2%80%93-copper-machinist-at-manor-switchgear-controls-ltd-4447317592,LV Switchboard – Copper Machinist,,scraped,2026-08-09T09:32:59.454118,
4fc47893f5616a4e,https://ni.linkedin.com/jobs/view/software-engineer-elixir-phoenix-latin-america-remote-at-bluelight-4448102854,Software Engineer (Elixir/Phoenix) - Latin America (REMOTE),Bluelight,posted,2026-08-09T09:33:16.085842,1116
a730cd307b1f2646,https://ni.linkedin.com/jobs/view/senior-accounts-receivable-revenue-operations-specialist-at-veta-virtual-4448470221,Senior Accounts Receivable & Revenue Operations Specialist,,scraped,2026-08-09T09:33:18.695739,
a3973825cbe93585,https://ni.linkedin.com/jobs/view/ingeniero-de-preventa-digital-3-at-millicom-tigo-4449679777,Ingeniero de Preventa Digital 3,,scraped,2026-08-09T09:33:24.929725,
5fc839dea521478d,https://ni.linkedin.com/jobs/view/electrician-at-manor-switchgear-controls-ltd-4447330085,Electrician,,scraped,2026-08-09T09:33:31.435168,
784dc1b0f6574b04,https://ni.linkedin.com/jobs/view/asistente-de-oficina-at-grupo-q-4451020126,Asistente de Oficina,,scraped,2026-08-09T09:33:46.405995,
d127cd437f75e0c4,https://ni.linkedin.com/jobs/view/sales-executive-senior-at-pedidosya-4448204294,Sales Executive Senior,,scraped,2026-08-09T09:33:54.131086,
5b243081375d817c,https://ni.linkedin.com/jobs/view/customer-support-specialist-at-veta-virtual-4451021865,Customer Support Specialist,,scraped,2026-08-09T09:34:02.782577,
fcc08572bbfb8a72,https://ni.linkedin.com/jobs/view/supervisor-de-procesos-s%C3%A9baco-at-ecom-agroindustrial-corp-ltd-4446931923,Supervisor de Procesos - Sébaco,,scraped,2026-08-09T09:34:08.850327,
f855341a5137e0fe,https://ni.linkedin.com/jobs/view/practicante-at-grupo-ficohsa-hn-4444007113,PRACTICANTE,Grupo Ficohsa HN,posted,2026-08-09T09:34:29.678197,1284
7965ee0d88667be6,https://ni.linkedin.com/jobs/view/t%C3%A9cnico-de-alimentos-at-world-food-programme-4450651829,Técnico de Alimentos,,scraped,2026-08-09T09:34:32.153461,
e4ba635ef90a59b5,https://ni.linkedin.com/jobs/view/part-time-finance-va-at-vtl-recruitment-process-4450696090,PART TIME FINANCE VA,VTL Recruitment Process,posted,2026-08-09T09:34:45.744222,1286
0fac4ddd62d541f3,https://ni.linkedin.com/jobs/view/pasante-at-grupo-lafise-4449011782,Pasante,Grupo LAFISE,posted,2026-08-09T09:34:55.309543,1288
3c017a01776897a6,https://ni.linkedin.com/jobs/view/senior-backend-engineer-typescript-ai-at-scale-up-recruiting-partners-4450952179,Senior Backend Engineer (TypeScript & AI),Scale Up Recruiting Partners,posted,2026-08-09T09:35:09.138068,1290
fbeae600daa1b682,https://ni.linkedin.com/jobs/view/senior-software-engineer-ai-interaction-evaluator-codex-claude-code-up-to-%24200-hr-at-g2i-inc-4447907218,"Senior Software Engineer - AI Interaction Evaluator (Codex / Claude Code, up to $200/hr)",G2i Inc.,posted,2026-08-09T09:35:17.218697,1292
d0d0793b5b7d8b23,https://ni.linkedin.com/jobs/view/consultor-senior-mejora-continua-operaciones-at-comedsa-4450760383,Consultor Senior Mejora Continua - Operaciones,COMEDSA,posted,2026-08-09T09:35:54.327833,1294
07b0141dcb065723,https://ni.linkedin.com/jobs/view/senior-azure-devops-engineer-at-applaudo-4451006340,Senior Azure DevOps Engineer,,scraped,2026-08-09T09:35:56.961939,
251fcdcad0bfc6a0,https://ni.linkedin.com/jobs/view/senior-azure-devops-engineer-at-applaudo-4451008175,Senior Azure DevOps Engineer,,scraped,2026-08-09T09:36:03.451732,
34c46f59414b0408,https://ni.linkedin.com/jobs/view/real-estate-lead-manager-at-trusted-capital-homes-4451826728,Real estate lead manager,Trusted Capital Homes,posted,2026-08-11T09:44:44.500677,1296
f3ad6756ce7cf24b,https://ni.linkedin.com/jobs/view/bookkeeper-experience-with-construction-aia-billing-at-the-a-career-4429478757,Bookkeeper - Experience with Construction AIA Billing,The A Career,posted,2026-08-11T09:44:59.537498,1298
cf28b490e5be9d56,https://ni.linkedin.com/jobs/view/talent-coach-at-toptal-4451876756,Talent Coach,Toptal,posted,2026-08-11T09:45:21.625166,1300
f84060ea862586a2,https://ni.linkedin.com/jobs/view/especialista-de-compras-e-importaciones-at-nexus-hr-costa-rica-4449221152,Especialista de Compras e Importaciones,,scraped,2026-08-11T09:45:24.366963,
09e2e875b1f8db10,https://ni.linkedin.com/jobs/view/especialista-en-gesti%C3%B3n-de-inventario-at-walmart-centroam%C3%A9rica-4450751411,Especialista en gestión de inventario,,scraped,2026-08-11T09:46:34.480591,
4d39349ba3ebeb3c,https://ni.linkedin.com/jobs/view/senior-ppc-specialist-at-veta-virtual-4451020908,Senior PPC Specialist,,scraped,2026-08-11T09:47:50.245938,
9768f320e8177906,https://ni.linkedin.com/jobs/view/technical-project-manager-remote-work-at-bairesdev-4451429802,Technical Project Manager - Remote Work,BairesDev,posted,2026-08-11T09:48:03.335793,1264
bca7ed32f1b596e4,https://ni.linkedin.com/jobs/view/ayudante-de-ruta-ni-logistica-comercial-ni-oficina-administrativa-managua-at-cooperativa-de-productores-de-leche-r-l-dos-pinos-4449846133,AYUDANTE DE RUTA - NI_LOGISTICA COMERCIAL NI_OFICINA ADMINISTRATIVA MANAGUA,,scraped,2026-08-11T09:48:05.990167,
fcf0bb04fce5bb80,https://ni.linkedin.com/jobs/view/elder-abuse-litigation-paralegal-at-j-y-law-firm-4416459317,Elder Abuse Litigation Paralegal,J&amp;Y Law Firm,posted,2026-08-11T09:48:19.527399,1302
ee2304eb3138f8a3,https://ni.linkedin.com/jobs/view/semi-senior-project-manager-remote-work-at-bairesdev-4451419780,Semi Senior Project Manager - Remote Work,BairesDev,posted,2026-08-11T09:48:27.477026,1304
76965a1b87c1508d,https://ni.linkedin.com/jobs/view/automation-engineer-saas-startup-at-scale-up-recruiting-partners-4450940525,Automation Engineer - SaaS StartUp,Scale Up Recruiting Partners,posted,2026-08-11T09:49:46.391974,1306
5bf272b5fbdabad2,https://ni.linkedin.com/jobs/view/project-manager-remote-latin-america-at-bluelight-4451357771,"Project Manager - Remote, Latin America",Bluelight,posted,2026-08-11T09:49:51.144402,1242
3cbd6c7667a47d7c,https://ni.linkedin.com/jobs/view/director-at-baptist-medical-and-dental-mission-international-bmdmi-4451071141,Director,Baptist Medical and Dental Mission International (BMDMI),posted,2026-08-11T09:49:58.779837,1308
7bc05d902e9d3e23,https://ni.linkedin.com/jobs/view/business-to-business-sales-representative-latam-gos-at-geeks-on-site-4452190961,Business-to-Business Sales Representative - LATAM - GOS,Geeks on Site,posted,2026-08-11T09:50:07.221336,1310
b10f83054fda584c,https://ni.linkedin.com/jobs/view/sr-data-engineer-at-price-benowitz-llp-4449806998,Sr. Data Engineer,Price Benowitz LLP,posted,2026-08-11T09:50:16.004159,1312
49ca535e33801317,https://ni.linkedin.com/jobs/view/jefe-de-pa%C3%ADs-nicaragua-at-orange-talent-4441214709,Jefe de País - Nicaragua,,scraped,2026-08-11T09:50:30.546338,
af7a7cfe2d66be31,https://ni.linkedin.com/jobs/view/senior-software-project-manager-at-melt-studio-4451566212,Senior Software Project Manager,,scraped,2026-08-11T09:51:43.161397,
a5d56aeb34e8c60a,https://ni.linkedin.com/jobs/view/vendedor-at-sal-de-nicaragua-emprosalben-4450335917,Vendedor,SAL DE NICARAGUA EMPROSALBEN,posted,2026-08-11T09:52:12.342144,1314
58c93a8905d8c496,https://ni.linkedin.com/jobs/view/casetero-a-av%C3%ADcola-boaco-at-cargill-4449273110,Casetero(a) Avícola - Boaco,Cargill,posted,2026-08-11T09:52:33.310331,1316
f86480c01ad60672,https://ni.linkedin.com/jobs/view/account-receivable-analyst-with-experience-in-medical-billing-at-the-a-career-4447306726,Account Receivable Analyst- with experience in Medical Billing,The A Career,posted,2026-08-11T09:52:41.865409,1318
2ea3f6934d60d3d2,https://ni.linkedin.com/jobs/view/operador-de-facturaci%C3%B3n-y-b%C3%A1scula-at-cargill-4450785888,Operador de Facturación y Báscula,Cargill,posted,2026-08-11T09:52:52.796030,1320
d097e62873a8f736,https://ni.linkedin.com/jobs/view/operador-a-de-montacarga-masaya-at-cargill-4452089333,Operador(a) de Montacarga - Masaya,Cargill,posted,2026-08-11T09:53:01.596312,1322
5c118bdb05da3559,https://ni.linkedin.com/jobs/view/jefe-de-reclutamiento-y-selecci%C3%B3n-at-gildan-4449652598,Jefe de Reclutamiento y Selección,,scraped,2026-08-11T09:53:06.353880,
0c63f9aa29998e5c,https://ni.linkedin.com/jobs/view/operario-a-de-despacho-chinandega-at-cargill-4449265370,Operario(a) de Despacho - Chinandega,Cargill,posted,2026-08-11T09:54:23.587576,1324
96846cc9b168d790,https://ni.linkedin.com/jobs/view/operario-a-de-despacho-masaya-at-cargill-4449270322,Operario(a) de Despacho - Masaya,Cargill,posted,2026-08-11T09:54:30.458033,898
ac17a13f8e122c11,https://ni.linkedin.com/jobs/view/operario-a-de-despacho-masaya-at-cargill-4449256718,Operario(a) de Despacho - Masaya,Cargill,scraped,2026-08-11T09:54:34.546485,
acb6025ce15b9d36,https://ni.linkedin.com/jobs/view/leasing-assistant-at-the-a-career-4448484541,Leasing Assistant,The A Career,posted,2026-08-11T09:54:39.292629,1222
9379b3c149067812,https://ni.linkedin.com/jobs/view/operario-a-de-despacho-masaya-at-cargill-4449261496,Operario(a) de Despacho - Masaya,Cargill,scraped,2026-08-11T09:54:43.447985,
95314d53f52f3ad2,https://ni.linkedin.com/jobs/view/senior-intake-manager-at-j-y-law-firm-4438680496,Senior Intake Manager,J&amp;Y Law Firm,posted,2026-08-11T09:54:55.492478,1326
8950f6a15af5ab8d,https://ni.linkedin.com/jobs/view/project-manager-it-remote-work-at-bairesdev-4451402633,Project Manager (IT) - Remote Work,BairesDev,posted,2026-08-11T09:55:00.354283,1216
c0544055926c449f,https://ni.linkedin.com/jobs/view/senior-it-project-manager-remote-work-at-bairesdev-4451420956,Senior IT Project Manager - Remote Work,BairesDev,posted,2026-08-11T09:55:11.466177,1282
bdf5034bedc88ee3,https://ni.linkedin.com/jobs/view/senior-accountant-at-veta-virtual-4452181212,Senior Accountant,,scraped,2026-08-11T09:55:20.059995,
04bcb81e3ef2d90f,https://ni.linkedin.com/jobs/view/ingeniero-de-preventa-digital-4-at-millicom-tigo-4449424191,Ingeniero de Preventa Digital 4,,scraped,2026-08-11T09:55:30.331777,
f90e0d250405b1dc,https://ni.linkedin.com/jobs/view/senior-video-editor-%E2%80%93-client-project-management-at-scale-up-recruiting-partners-4450955083,Senior Video Editor – Client & Project Management,Scale Up Recruiting Partners,posted,2026-08-11T09:55:48.803960,1328
eaa30a584a5affc6,https://ni.linkedin.com/jobs/view/senior-flask%2Breact-fullstack-developer-remote-latin-america-at-bluelight-4451844538,"Senior Flask+React Fullstack Developer - Remote, Latin America",Bluelight,posted,2026-08-11T09:55:59.543082,1330
0940d2ee07c8604d,https://ni.linkedin.com/jobs/view/supervisor-jr-de-calidad-y-formacion-espa%C3%B1ol-temporal-at-concentrix-4438028359,Supervisor Jr. de Calidad y Formacion - Español (temporal),Concentrix,posted,2026-08-11T09:56:08.492956,1332
9a01c02b228184bc,https://ni.linkedin.com/jobs/view/asesor-de-ventas-casa-a-casa-le%C3%B3n-nic-at-ac-talentos-4450923687,ASESOR DE VENTAS CASA A CASA  León Nic.,AC Talentos,posted,2026-08-11T09:56:17.939222,1334
bb72917e3c8a1cd4,https://ni.linkedin.com/jobs/view/senior-flask%2Breact-fullstack-developer-remote-latin-america-at-bluelight-4451859325,"Senior Flask+React Fullstack Developer - Remote, Latin America",Bluelight,posted,2026-08-11T09:56:26.592942,1336
deab27a4445ff145,https://ni.linkedin.com/jobs/view/senior-flask%2Breact-fullstack-developer-remote-latin-america-at-bluelight-4451840620,"Senior Flask+React Fullstack Developer - Remote, Latin America",Bluelight,posted,2026-08-11T09:56:37.487891,1338
a98e0243fab0e792,https://ni.linkedin.com/jobs/view/it-recruiter-remote-work-at-bairesdev-4452394539,IT Recruiter - Remote Work,BairesDev,posted,2026-08-13T09:48:53.571277,1124
9bfbcb4d83b72a4e,https://ni.linkedin.com/jobs/view/hiring-journey-analyst-remote-work-at-bairesdev-4451922323,Hiring Journey Analyst - Remote Work,BairesDev,posted,2026-08-13T09:49:00.675456,118
ff3fdb79f24e1bdc,https://ni.linkedin.com/jobs/view/business-office-concierge-at-pikes-peak-post-acute-4453008989,Business Office Concierge,Pikes Peak Post Acute,posted,2026-08-13T09:49:12.969601,1340
a262c861616d4f05,https://ni.linkedin.com/jobs/view/business-development-representative-bdr-at-the-expresso-company-4452493665,Business Development Representative (BDR),The Expresso Company,posted,2026-08-13T09:49:24.261194,1342
f2c48ba601eb9925,https://ni.linkedin.com/jobs/view/full-time-mva-legal-intake-and-retainer-conversion-specialist-at-growthx-4453158831,Full-Time MVA Legal Intake and Retainer Conversion Specialist,GrowthX,posted,2026-08-13T09:49:29.024474,1110
798d863d566a833e,https://ni.linkedin.com/jobs/view/auxiliar-de-mantenimiento-de-oficinas-at-concentrix-4434941807,Auxiliar de Mantenimiento de oficinas,Concentrix,posted,2026-08-13T09:49:38.212234,1344
4db3d581681527ad,https://ni.linkedin.com/jobs/view/%C2%A1estamos-buscando-visitador-a-de-tiendas-en-calle-en-muy-muy-o-matagalpa-at-nielseniq-4433287153,¡Estamos buscando Visitador(a) de Tiendas en Calle en Muy Muy o Matagalpa,NielsenIQ,posted,2026-08-13T09:49:45.803627,1346
17899f92f3388783,https://ni.linkedin.com/jobs/view/t%C3%A9cnico-infraestructura-at-gildan-4452484521,"Técnico, Infraestructura",,scraped,2026-08-13T09:49:50.500159,
037bb5b99ea1eec3,https://ni.linkedin.com/jobs/view/maintenance-manager-at-pikes-peak-post-acute-4452457590,Maintenance Manager,Pikes Peak Post Acute,posted,2026-08-13T09:50:06.984795,1348
9f844643d4c0354a,https://ni.linkedin.com/jobs/view/fashion-beauty-account-lead-at-terrific-4452490944,Fashion & Beauty Account Lead,,scraped,2026-08-13T09:50:09.733603,
a8a64614f0e0a223,https://ni.linkedin.com/jobs/view/social-medial-estrat%C3%A9gica-at-colibr%C3%AD-searcher-4452731491,Social Medial Estratégica,Colibrí Searcher,posted,2026-08-13T09:50:29.431321,1350
ccd434a698d022f9,https://ni.linkedin.com/jobs/view/soporte-de-retail-at-empresas-adoc-4451680769,Soporte de Retail,,scraped,2026-08-13T09:50:34.031352,
50deae04a79ce1ce,https://ni.linkedin.com/jobs/view/kam-omt-at-unilever-4452368925,KAM OMT,Unilever,posted,2026-08-13T09:50:49.700327,1352
b7f502dede65b682,https://ni.linkedin.com/jobs/view/especialista-de-planificaci%C3%B3n-de-infraestructura-ti-y-cloud-at-millicom-tigo-4453601890,Especialista de Planificación de Infraestructura TI y Cloud,,scraped,2026-08-13T09:51:02.468611,
5918b585a227dde9,https://ni.linkedin.com/jobs/view/ayudante-de-planta-manufactura-ni-planta-juigalpa-at-cooperativa-de-productores-de-leche-r-l-dos-pinos-4449866622,AYUDANTE DE PLANTA_MANUFACTURA NI_PLANTA JUIGALPA,,scraped,2026-08-13T09:51:08.828246,
344a95514b899654,https://ni.linkedin.com/jobs/view/jefe-de-marketing-comercial-at-confidential-careers-4451951156,Jefe de Marketing Comercial,Confidential Careers,posted,2026-08-13T09:51:25.267682,1354
249d2309fe766712,https://ni.linkedin.com/jobs/view/edec%C3%A1n-sucursales-managua-at-grupo-lafise-4452475212,Edecán - Sucursales Managua,Grupo LAFISE,posted,2026-08-13T09:51:34.019130,1356
5c49670208f536c9,https://ni.linkedin.com/jobs/view/programmatic-media-manager-healthcare-at-power-digital-marketing-4452332667,"Programmatic Media Manager, Healthcare",Power Digital Marketing,posted,2026-08-13T09:51:42.003637,1358
4d6ce84a2d5ac55a,https://ni.linkedin.com/jobs/view/especialista-de-cobros-at-ac-talentos-4453601441,Especialista de Cobros,AC Talentos,posted,2026-08-13T09:51:53.754311,1360
f574416ec49d3c4d,https://ni.linkedin.com/jobs/view/customer-service-representative-at-abudberm-outsourcing-4452115641,Customer Service Representative,,scraped,2026-08-13T09:51:56.293652,
8b801043038fa454,https://ni.linkedin.com/jobs/view/business-to-business-sales-representative-latam-phase-v-at-geeks-on-site-4452452957,Business-to-Business Sales Representative - LATAM - Phase V,Geeks on Site,posted,2026-08-13T09:52:08.248460,1362
0b12d03ea4a2f0bd,https://ni.linkedin.com/jobs/view/bilingual-lien-negotiations-specialist-personal-injury-at-legal-core-careers-4450148133,Bilingual Lien Negotiations Specialist (Personal Injury),Legal Core Careers,posted,2026-08-13T09:52:15.889390,1364
caa9d24ade799901,https://ni.linkedin.com/jobs/view/ejecutivo-comercial-sin-experiencia-at-confidential-jobs-4451944215,Ejecutivo Comercial (Sin experiencia),Confidential Jobs,posted,2026-08-13T09:52:24.823921,1366
506432b94a5aaf6b,https://ni.linkedin.com/jobs/view/especialista-de-proyectos-remesas-%E2%80%93-bac-shared-services-ni-at-bac-4452695080,Especialista de Proyectos Remesas – BAC Shared Services NI,,scraped,2026-08-13T09:52:27.417952,
5ba11b819c89660c,https://ni.linkedin.com/jobs/view/agente-de-soporte-de-clientes-red-at-ac-talentos-4451965553,Agente de Soporte de Clientes - RED,AC Talentos,posted,2026-08-13T09:52:47.992566,1368
381771f0589949e1,https://ni.linkedin.com/jobs/view/asesor-comercial-at-arditex-4453363832,Asesor comercial,ArDitex,posted,2026-08-13T09:52:58.593146,1370
64e68c5dfd125612,https://ni.linkedin.com/jobs/view/especialista-en-dise%C3%B1o-y-redes-sociales-at-confidential-4453387654,Especialista en Diseño y Redes Sociales,Confidential,posted,2026-08-13T09:53:07.562915,1372
7698577a4605082b,https://ni.linkedin.com/jobs/view/senior-recruiter-remote-work-at-bairesdev-4452743030,Senior Recruiter - Remote Work,BairesDev,posted,2026-08-13T09:53:12.573670,166
9b7c18d5564aa2fc,https://ni.linkedin.com/jobs/view/crm-manager-remote-work-at-bairesdev-4452700520,CRM Manager - Remote Work,BairesDev,posted,2026-08-13T09:53:17.568369,748
c390b92d24e53100,https://ni.linkedin.com/jobs/view/corporate-travel-and-mobility-agent-remote-work-at-bairesdev-4451685767,Corporate Travel and Mobility Agent - Remote Work,BairesDev,posted,2026-08-13T09:53:22.504944,472
c32ddea0de7fb649,https://ni.linkedin.com/jobs/view/recruiting-analyst-remote-work-at-bairesdev-4451935360,Recruiting Analyst - Remote Work,BairesDev,posted,2026-08-13T09:53:27.459678,1262
9990d40689552e1a,https://ni.linkedin.com/jobs/view/crm-manager-remote-work-at-bairesdev-4452384765,CRM Manager - Remote Work,BairesDev,posted,2026-08-13T09:53:32.373206,748
ed7efec109ad5289,https://ni.linkedin.com/jobs/view/product-security-engineer-remote-work-at-bairesdev-4452747682,Product Security Engineer - Remote Work,BairesDev,posted,2026-08-13T09:53:37.344710,412
830da6392c29636f,https://ni.linkedin.com/jobs/view/corporate-travel-and-mobility-agent-remote-work-at-bairesdev-4451907030,Corporate Travel and Mobility Agent - Remote Work,BairesDev,posted,2026-08-13T09:53:44.099229,472
babb1708a7eabb65,https://ni.linkedin.com/jobs/view/marketing-specialist-remote-work-at-bairesdev-4452720936,Marketing Specialist - Remote Work,BairesDev,posted,2026-08-13T09:53:52.302243,1374
bcfde05d25895cf5,https://ni.linkedin.com/jobs/view/talent-acquisition-associate-remote-work-at-bairesdev-4452707771,Talent Acquisition Associate - Remote Work,BairesDev,posted,2026-08-13T09:53:57.075807,678
8664042c4fc1047d,https://ni.linkedin.com/jobs/view/ejecutivo-de-venta-biling%C3%BCe-rivas-at-grupo-lafise-4453128521,Ejecutivo de Venta Bilingüe - Rivas,Grupo LAFISE,posted,2026-08-13T09:54:06.188535,1376
b49d0a5d408bf38f,https://ni.linkedin.com/jobs/view/analista-de-calidad-y-productividad-at-grupo-lafise-4452492045,Analista de Calidad y Productividad,Grupo LAFISE,posted,2026-08-13T09:54:17.274489,1378
210fd60fcba8dc30,https://ni.linkedin.com/jobs/view/personal-para-deshuese-masaya-at-cargill-4450153960,Personal para Deshuese - Masaya,Cargill,posted,2026-08-13T09:54:22.018833,522
b2118e7690c1fa75,https://ni.linkedin.com/jobs/view/monitor-de-calidad-nicaragua-masaya-at-cargill-4453152159,Monitor de calidad (Nicaragua - Masaya),Cargill,posted,2026-08-13T09:54:31.325081,1380
7a68d1924c0ec668,https://ni.linkedin.com/jobs/view/senior-software-engineer-flask-react-remote-latin-america-at-bluelight-4451359860,"Senior Software Engineer (Flask/React) - Remote, Latin America",Bluelight,posted,2026-08-13T09:54:40.893602,1382
80b5536778160679,https://ni.linkedin.com/jobs/view/senior-software-engineer-flask-react-remote-latin-america-at-bluelight-4451375077,"Senior Software Engineer (Flask/React) - Remote, Latin America",Bluelight,posted,2026-08-13T09:54:47.909312,1382
f01951a067899e6e,https://ni.linkedin.com/jobs/view/personal-para-cuartos-frios-masaya-at-cargill-4441027002,Personal para Cuartos Frios - Masaya,Cargill,posted,2026-08-13T09:55:08.681574,872
83aa56bf3e1cfad0,https://ni.linkedin.com/jobs/view/senior-flask%2Breact-fullstack-developer-remote-latin-america-at-bluelight-4451857395,"Senior Flask+React Fullstack Developer - Remote, Latin America",Bluelight,posted,2026-08-13T09:55:30.407810,1384
e4266a173deda0c4,https://ni.linkedin.com/jobs/view/conserje-at-concentrix-4450823946,Conserje,Concentrix,posted,2026-08-15T09:04:55.464518,1386
867e421791dd4a8d,https://ni.linkedin.com/jobs/view/litigation-case-manager-california-employment-law-at-bluebook-helpers-4453203636,Litigation Case Manager - California Employment Law,Bluebook Helpers,posted,2026-08-15T09:05:00.495592,114
eed4d906d2d75708,https://ni.linkedin.com/jobs/view/paid-media-specialist-google-ads-at-lago-4453568919,Paid Media Specialist (Google Ads),Lago,posted,2026-08-15T09:05:20.327551,1388
11ca78badda1503f,https://ni.linkedin.com/jobs/view/google-ads-specialist-%E2%80%94-home-service-lead-generation-remote-at-valpo-agency-4454812034,Google Ads Specialist — Home Service Lead Generation (Remote),Valpo Agency,posted,2026-08-15T09:05:27.720139,1390
1da0411cf7978c40,https://ni.linkedin.com/jobs/view/alistador-de-veh%C3%ADculos-at-grupo-q-4454524778,Alistador de Vehículos,,scraped,2026-08-15T09:05:30.421197,
b2a429525b715685,https://ni.linkedin.com/jobs/view/primary-secondary-physical-education-teacher-at-valley-international-school-4451301160,Primary & Secondary Physical Education Teacher,,scraped,2026-08-15T09:05:38.047164,
d4688c9195cfd1dc,https://ni.linkedin.com/jobs/view/staff-accountant-at-mdb-capital-s-a-4453009424,Staff Accountant,,scraped,2026-08-15T09:05:45.507376,
6d1cacf53c5fedbf,https://ni.linkedin.com/jobs/view/taxes-specialist-accounting-at-concentrix-4449520344,"Taxes Specialist, Accounting",Concentrix,posted,2026-08-15T09:05:54.635742,188
90c144d9a31e864f,https://ni.linkedin.com/jobs/view/new-hire-operator-production-at-yazaki-north-america-4454337176,"New Hire Operator, Production",Yazaki North America,posted,2026-08-15T09:05:59.432146,928
d1c773ae131a790b,https://ni.linkedin.com/jobs/view/learning-development-specialist-at-remitly-4443737206,Learning & Development Specialist,Remitly,posted,2026-08-15T09:06:09.011787,1392
bf29ea1cde61a287,https://ni.linkedin.com/jobs/view/especialista-de-impuestos-at-millicom-tigo-4453617069,Especialista de Impuestos,,scraped,2026-08-15T09:06:11.725620,
4ba177d6fa86753f,https://ni.linkedin.com/jobs/view/facebook-ads-specialist-%E2%80%94-home-service-lead-generation-remote-at-valpo-agency-4454592978,Facebook Ads Specialist — Home Service Lead Generation (Remote),Valpo Agency,posted,2026-08-15T09:06:23.805353,1394
87b54a5758ea2804,https://ni.linkedin.com/jobs/view/%F0%9F%9A%80-sales-team-lead-sales-operations-lead-%E2%80%94-u-s-market-at-contollo-4453744000,🚀 Sales Team Lead / Sales Operations Lead — U.S. Market,Contollo,posted,2026-08-15T09:06:31.781564,1396
c177c36230860ae1,https://ni.linkedin.com/jobs/view/junior-administrative-assistant-remote-latam-at-valatam-4452998621,Junior Administrative Assistant (Remote) - LATAM,Valatam,posted,2026-08-15T09:06:41.219012,1398
fc3bdb020fc6359a,https://ni.linkedin.com/jobs/view/jefe-de-mantenimiento-de-equipos-at-grupo-lafise-4452490209,Jefe de Mantenimiento de Equipos,Grupo LAFISE,posted,2026-08-15T09:06:49.895496,1400
3fb2a12914b7fc0b,https://ni.linkedin.com/jobs/view/analista-de-datos-at-ficohsa-banco-ni-4453219466,Analista de datos,,scraped,2026-08-15T09:06:52.586271,
0443c53f2d301dc6,https://ni.linkedin.com/jobs/view/t%C3%A9cnico-p-o-s-at-bac-4454556689,Técnico P.O.S,,scraped,2026-08-15T09:07:00.654746,
f1c783ed02cdf467,https://ni.linkedin.com/jobs/view/dibujante-mec%C3%A1nico-at-cotecyg-s-a-4454870353,Dibujante mecánico,"COTECYG S,A.",posted,2026-08-15T09:07:14.709883,1402
c5406f7040aa2e6f,https://ni.linkedin.com/jobs/view/associate-media-director-programmatic-at-power-digital-marketing-4452341663,"Associate Media Director, Programmatic",Power Digital Marketing,posted,2026-08-15T09:07:22.804814,1404
a77ad9714df74424,https://ni.linkedin.com/jobs/view/cajero-at-grupo-lafise-4454536679,Cajero,Grupo LAFISE,posted,2026-08-15T09:07:29.695278,1038
8543c47c0d423550,https://ni.linkedin.com/jobs/view/t%C3%A9cnico-de-servicio-de-eliminaci%C3%B3n-de-plagas-at-ecolab-4454048453,Técnico de servicio de eliminación de plagas,Ecolab,posted,2026-08-15T09:07:40.494651,1406
3294b8adb9ff0ac1,https://ni.linkedin.com/jobs/view/supervisor-de-seguridad-fisica-at-empresa-confidencial-4452472997,Supervisor de Seguridad Fisica,Empresa Confidencial,posted,2026-08-15T09:07:49.082072,1408
e84450ba41f508b2,https://ni.linkedin.com/jobs/view/integrated-designer-at-gravity-global-4390849486,Integrated Designer,,scraped,2026-08-15T09:07:59.692221,
1adba571a9606cd4,https://ni.linkedin.com/jobs/view/logistics-operations-assistant-afternoon-shift-at-valatam-4453246622,Logistics & Operations Assistant (Afternoon Shift),Valatam,posted,2026-08-15T09:08:11.147268,1410
4044b400a4f79295,https://ni.linkedin.com/jobs/view/virtual-executive-assistant-remote-at-viva-talent-4454539345,Virtual Executive Assistant (Remote),Viva Talent,posted,2026-08-15T09:08:15.924034,82
5b7b5b993cbc2029,https://ni.linkedin.com/jobs/view/especialista-en-admisiones-at-angel-reyes-associates-4452676033,Especialista en admisiones,Angel Reyes & Associates,posted,2026-08-15T09:08:23.395738,1412
3d4f28cb4f502bdb,https://ni.linkedin.com/jobs/view/ejecutivo-de-negocio-banca-empresarial-at-confidential-4451944846,Ejecutivo de Negocio Banca Empresarial,Confidential,posted,2026-08-15T09:08:31.585154,1414
31c6b0f66f6322c5,https://ni.linkedin.com/jobs/view/salesforce-architect-developer-nonprofit-cloud-%2B-taskray-at-braintrust-4454313945,Salesforce Architect / Developer (Nonprofit Cloud + TaskRay),Braintrust,posted,2026-08-15T09:08:39.411959,1416
0c226837457eb8ae,https://ni.linkedin.com/jobs/view/supervisor-de-ventas-4439556694,Supervisor de ventas,Sierras de paz S. A,posted,2026-08-15T09:08:49.651379,502
bf7e4342a5945532,https://ni.linkedin.com/jobs/view/sales-executive-at-trusted-translations-4454575306,Sales Executive,Trusted Translations,posted,2026-08-15T09:08:56.594032,706
3b1f5163531cd694,https://ni.linkedin.com/jobs/view/enterprise-account-director-tola-at-hiddenlayer-4451424659,Enterprise Account Director- TOLA,HiddenLayer,posted,2026-08-15T09:09:06.496674,1418
286f72186ba032ca,https://ni.linkedin.com/jobs/view/gerente-de-operaciones-de-cantera-at-see-talent-group-latino-am%C3%A9rica-headhunting-4453791710,Gerente de Operaciones de Cantera,,scraped,2026-08-15T09:09:09.198523,
b53f5591b182f1b1,https://ni.linkedin.com/jobs/view/pasante-de-atenci%C3%B3n-al-cliente-4454867095,Pasante de atención al cliente,Orkin Nicaragua,posted,2026-08-15T09:09:21.064153,1420
4e6686fff2d44b2f,https://ni.linkedin.com/jobs/view/programador-full-stack-at-selected-hr-solutions-4452494267,Programador full stack,Selected HR Solutions,posted,2026-08-15T09:09:29.410052,1422
07a936a5f104af9b,https://ni.linkedin.com/jobs/view/bilingual-medical-receptionist-rn-care-coordinator-at-staffing-for-doctors-4450831336,Bilingual Medical Receptionist/ RN Care Coordinator,Staffing For Doctors,posted,2026-08-15T09:09:36.712748,1424
3a48c01c63362469,https://ni.linkedin.com/jobs/view/sales-specialist-at-blue-fig-recruiting-4453522452,Sales Specialist,Blue Fig Recruiting,posted,2026-08-15T09:09:41.527528,1106
c6d23aac7c359f7f,https://ni.linkedin.com/jobs/view/offensive-security-engineer-at-applaudo-4454581897,Offensive Security Engineer,,scraped,2026-08-15T09:09:50.228163,
62244123c564cacf,https://ni.linkedin.com/jobs/view/auditor-contr-cal-fin-yproc-at-gildan-4453286932,Auditor-Contr Cal.Fin.yProc.,,scraped,2026-08-15T09:10:00.990083,
79bdf140c46fc6c9,https://ni.linkedin.com/jobs/view/operations-manager-at-ibex-4451262909,Operations Manager,ibex,posted,2026-08-15T09:10:13.189603,404
09a4113d87657ffa,https://ni.linkedin.com/jobs/view/project-manager-remote-work-at-bairesdev-4452740255,Project Manager - Remote Work,BairesDev,posted,2026-08-15T09:10:18.391211,1214
d331cf8b5644ed69,https://ni.linkedin.com/jobs/view/business-concierge-associate-at-remitly-4454311211,Business Concierge Associate,Remitly,posted,2026-08-15T09:10:25.193675,180
a0093895257d82ae,https://ni.linkedin.com/jobs/view/auxiliar-de-jarabes-at-cbc-4450182533,AUXILIAR DE JARABES,cbc,posted,2026-08-15T09:10:39.204891,1426
1f5870920b43aa1e,https://ni.linkedin.com/jobs/view/coordinador-a-de-granja-le%C3%B3n-at-cargill-4450192921,Coordinador(a) de Granja - León,Cargill,posted,2026-08-15T09:10:51.808835,1428
b30c08f329312c19,https://ni.linkedin.com/jobs/view/ingeniero-de-seguridad-de-aplicaciones-checkmarx-sast-trabajo-remoto-at-bairesdev-4453571662,Ingeniero de Seguridad de Aplicaciones (Checkmarx / SAST) - Trabajo Remoto,BairesDev,posted,2026-08-15T09:10:56.875624,198
a3d9a0a8a7ca99b0,https://ni.linkedin.com/jobs/view/staff-accountant-client-accountant-at-teamswell-4453374590,Staff Accountant Client Accountant,Teamswell,posted,2026-08-15T09:11:06.542663,1430
a6cb6816d70652bf,https://ni.linkedin.com/jobs/view/sales-executive-for-campus-live-remote-work-at-bairesdev-4452393910,Sales Executive for Campus Live - Remote Work,BairesDev,posted,2026-08-15T09:11:15.485775,244
86f96c3048b4eec8,https://ni.linkedin.com/jobs/view/oficial-de-servicios-bancarios-biling%C3%BCe-at-grupo-lafise-4452472627,Oficial de servicios Bancarios Bilingüe,Grupo LAFISE,posted,2026-08-15T09:11:26.325889,1432
99ee34b94ef9c73f,https://ni.linkedin.com/jobs/view/client-services-director-ibex-at-ibex-4451258058,Client Services Director - Ibex,ibex,posted,2026-08-15T09:11:34.899652,1434
2770d4893ccc6a6c,https://ni.linkedin.com/jobs/view/oficial-centro-de-contacto-integral-at-bac-4454599343,Oficial Centro de Contacto integral,,scraped,2026-08-15T09:11:41.809328,
ea948c2a874dbbc6,https://ni.linkedin.com/jobs/view/gerente-de-ingenier%C3%ADa-at-gildan-4419903047,Gerente de Ingeniería,,scraped,2026-08-15T09:11:48.246980,
24142aa9f39ea427,https://ni.linkedin.com/jobs/view/oficial-de-telemercadeo-at-grupo-lafise-4453017013,Oficial de Telemercadeo,Grupo LAFISE,posted,2026-08-15T09:11:58.002820,272
517ae16393440906,https://ni.linkedin.com/jobs/view/supervisor-de-ventas-bancaseguros-estel%C3%AD-at-grupo-lafise-4454062406,Supervisor de Ventas Bancaseguros - Estelí,Grupo LAFISE,posted,2026-08-15T09:12:10.415833,1436
cd818c2088e9bbdc,https://ni.linkedin.com/jobs/view/practicantes-estudiantes-de-ing-industrial-at-confidential-4453586702,Practicantes - }estudiantes de Ing. Industrial.,Confidential,posted,2026-08-15T09:12:25.352379,1438
591655c283008a73,https://ni.linkedin.com/jobs/view/senior-software-engineer-flask-react-remote-latin-america-at-bluelight-4451366619,"Senior Software Engineer (Flask/React) - Remote, Latin America",Bluelight,posted,2026-08-15T09:12:30.397910,1382
41ee1a89bb78b1e3,https://ni.linkedin.com/jobs/view/auxiliar-de-ventas-i-santo-tomas-temporal-6-meses-at-cargill-4441063565,Auxiliar de Ventas I - Santo Tomas - Temporal 6 meses,Cargill,posted,2026-08-15T09:12:34.995981,640
8bb55a7ff9856f98,https://ni.linkedin.com/jobs/view/drone-data-processing-technician-at-the-a-career-4454809518,Drone Data Processing Technician,The A Career,posted,2026-08-17T09:25:43.055111,1440
fb2c744c796036ee,https://ni.linkedin.com/jobs/view/investment-officer-at-oikocredit-4454044703,Investment Officer,Oikocredit,posted,2026-08-17T09:25:55.999839,1442
1895d041a7f0f33a,https://ni.linkedin.com/jobs/view/it-talent-acquisition-specialist-at-applaudo-4454849503,IT Talent Acquisition Specialist,,scraped,2026-08-17T09:25:58.747419,
1ade7e6a998b23c9,https://ni.linkedin.com/jobs/view/operations-analyst-i-at-caldic-latam-4450874258,OPERATIONS ANALYST I,Caldic LATAM,posted,2026-08-17T09:26:20.023099,1444
8a84e9342c201600,https://ni.linkedin.com/jobs/view/recruitment-specialist-at-viva-talent-4455186695,Recruitment Specialist,Viva Talent,posted,2026-08-17T09:26:34.253104,1446
00c255b7ec8f119f,https://ni.linkedin.com/jobs/view/senior-community-manager-at-white-shark-media%C2%AE-4453906059,Senior Community Manager,White Shark Media™ en Español,posted,2026-08-17T09:26:47.497462,1448
96fb1116044f42bc,https://ni.linkedin.com/jobs/view/sales-recovery-specialist-pet-health-remote-at-tribe-wellness-sales-inc-4454327020,Sales Recovery Specialist - Pet Health - Remote,"Tribe Wellness Sales, Inc",posted,2026-08-17T09:26:59.096684,1450
91d35d6fa83e75ae,https://ni.linkedin.com/jobs/view/especialista-en-seguridad-vial-at-redhuma-4454811607,Especialista en Seguridad Vial,RedHuma,posted,2026-08-17T09:27:08.072259,1452
17de0e4a61dff512,https://ni.linkedin.com/jobs/view/ejecutivo-de-cr%C3%A9dito-pyme-at-bac-4453372109,Ejecutivo de crédito Pyme,,scraped,2026-08-17T09:27:10.609694,
e54821d7c9e2286d,https://ni.linkedin.com/jobs/view/especialista-en-asuntos-regulatorios-at-recluta-talenthunter-latin-america-4454804632,Especialista en Asuntos Regulatorios,,scraped,2026-08-17T09:27:17.085297,
bb8c347e1f0c88fa,https://ni.linkedin.com/jobs/view/permit-civil-engineer-at-the-a-career-4454822830,Permit Civil Engineer,The A Career,posted,2026-08-17T09:27:31.701112,1454
4546f1db25828f46,https://ni.linkedin.com/jobs/view/bilingual-bankruptcy-case-manager-document-collector-at-horizon-premier-staffing-4454091672,Bilingual Bankruptcy Case Manager / Document Collector,,scraped,2026-08-17T09:27:34.284859,
4270fe4eda750a20,https://ni.linkedin.com/jobs/view/jefe-de-departamento-legal-at-cbc-4450188240,JEFE DE DEPARTAMENTO LEGAL,cbc,posted,2026-08-17T09:27:51.826531,1456
5a6372b92872c7ee,https://ni.linkedin.com/jobs/view/ess-sales-central-america-and-the-caribbean-at-contemporary-amperex-technology-co-limited-4454805323,ESS Sales (Central America and the Caribbean),"Contemporary Amperex Technology Co., Limited",posted,2026-08-17T09:28:08.350891,1458
27b8c480338b3795,https://ni.linkedin.com/jobs/view/staff-accountant-at-latam-hiring-partners-4453736030,Staff Accountant,LATAM Hiring Partners,posted,2026-08-17T09:28:20.407550,1460
7405b4b5aea82977,https://ni.linkedin.com/jobs/view/secretaria-ejecutiva-at-compa%C3%B1ia-cervecera-de-nicaragua-s-a-4453386070,Secretaria Ejecutiva,Compañia Cervecera de Nicaragua S.A,posted,2026-08-17T09:28:33.191092,1462
b9154593dadc182e,https://ni.linkedin.com/jobs/view/commercial-executive-at-mnglobal-4453946257,Commercial Executive,,scraped,2026-08-17T09:28:35.926262,
49143601173f624d,https://ni.linkedin.com/jobs/view/sales-executive-at-colgate-palmolive-4452785352,Sales Executive,Colgate-Palmolive,posted,2026-08-17T09:28:46.055952,706
d94a05dd4efa4f11,https://ni.linkedin.com/jobs/view/ejecutivo-de-negocios-banca-mas-at-grupo-ficohsa-hn-4453745245,Ejecutivo de Negocios Banca Mas,Grupo Ficohsa HN,posted,2026-08-17T09:28:58.799124,1464
fff8cb2be5cef5e8,https://ni.linkedin.com/jobs/view/lider-de-ventas-canal-detalle-at-productos-alimenticios-diana-4453710870,Lider de Ventas Canal Detalle,,scraped,2026-08-17T09:29:01.487774,
e3e2f7be365de0de,https://ni.linkedin.com/jobs/view/appointment-setter-at-bruntwork-4450812907,Appointment Setter,,scraped,2026-08-17T09:29:08.382920,
d052cd2fd061fd4b,https://ni.linkedin.com/jobs/view/ejecutivos-de-seguros-4453956286,Ejecutivos de seguros,"PRISMA, Corredores de Seguros S.A..",posted,2026-08-17T09:29:22.674600,1466
b802dfaa5d8d1b1d,https://ni.linkedin.com/jobs/view/ejecutivo-de-negocios-banca-mas-9836-49163-at-grupo-ficohsa-hn-4454365324,EJECUTIVO DE NEGOCIOS BANCA MAS (9836) - 49163,Grupo Ficohsa HN,posted,2026-08-17T09:29:35.421822,1468
a7fa43f68a9dbca3,https://ni.linkedin.com/jobs/view/ingeniera-comercial-ventas-at-sinter-s-a-4454574760,Ingeniera Comercial - Ventas,,scraped,2026-08-17T09:29:37.949816,
39557fd8f731579c,https://ni.linkedin.com/jobs/view/ejecutivo-de-ventas-at-liberty-latin-america-4453265120,Ejecutivo de Ventas,Liberty Latin America,posted,2026-08-17T09:29:48.361947,484
f6fd3635b1f8700c,https://ni.linkedin.com/jobs/view/asesor-de-ventas-industriales-at-optima-industrial-4454586271,Asesor de Ventas Industriales,,scraped,2026-08-17T09:29:50.833269,
d9571251f6f1da4f,https://ni.linkedin.com/jobs/view/application-security-engineer-checkmarx-sast-remote-work-at-bairesdev-4453235537,Application Security Engineer (Checkmarx / SAST) - Remote Work,BairesDev,posted,2026-08-17T09:30:03.014631,290
cae3d8820b607808,https://ni.linkedin.com/jobs/view/technical-manager-remote-work-at-bairesdev-4453234238,Technical Manager - Remote Work,BairesDev,posted,2026-08-17T09:30:11.500836,1470
56cc36ed470a11a9,https://ni.linkedin.com/jobs/view/talent-acquisition-analyst-remote-work-at-bairesdev-4452970919,Talent Acquisition Analyst - Remote Work,BairesDev,posted,2026-08-17T09:30:16.527124,276
7abed7210d120bcc,https://ni.linkedin.com/jobs/view/recruiting-manager-remote-work-at-bairesdev-4453208516,Recruiting Manager - Remote Work,BairesDev,posted,2026-08-17T09:30:23.509203,434
39e9fb1457681770,https://ni.linkedin.com/jobs/view/instructor-at-gildan-4454061645,Instructor,,scraped,2026-08-17T09:30:26.213909,
3d1e7dd9714aca1e,https://ni.linkedin.com/jobs/view/young-professional-%E2%80%93-learning-development-remote-work-at-bairesdev-4453211360,Young Professional – Learning & Development - Remote Work,BairesDev,posted,2026-08-17T09:30:36.803437,396
558b33f2cb8647b4,https://ni.linkedin.com/jobs/view/accounting-manager-at-teamswell-4454055969,Accounting Manager,Teamswell,posted,2026-08-17T09:30:45.874465,684
e15d3b24cfcc6ac9,https://ni.linkedin.com/jobs/view/auxiliar-de-ventas-ii-masaya-at-cargill-4445341573,Auxiliar de Ventas II - Masaya,Cargill,posted,2026-08-17T09:30:54.930455,950
584147ff288f7b63,https://ni.linkedin.com/jobs/view/delivery-manager-remote-work-at-bairesdev-4452746346,Delivery Manager - Remote Work,BairesDev,posted,2026-08-17T09:31:04.056319,1166
82eb956ec2de5950,https://ni.linkedin.com/jobs/view/coordinador-a-de-granja-le%C3%B3n-at-cargill-4454053961,Coordinador(a) de Granja -  León,Cargill,posted,2026-08-17T09:31:15.952197,1472
70adf6c8af053257,https://ni.linkedin.com/jobs/view/heating-air-conditioning-design-engineer-at-the-a-career-4452128108,Heating Air Conditioning Design Engineer,The A Career,posted,2026-08-17T09:31:24.827603,1474
e0eecc7af9eb09f5,https://ni.linkedin.com/jobs/view/casetero-a-av%C3%ADcola-le%C3%B3n-at-cargill-4450405122,Casetero(a) Avícola - León,Cargill,posted,2026-08-17T09:31:33.955123,1476
8cb73c572f802056,https://ni.linkedin.com/jobs/view/senior-flask%2Breact-fullstack-developer-remote-latin-america-at-bluelight-4455219299,"Senior Flask+React Fullstack Developer - Remote, Latin America",Bluelight,posted,2026-08-17T09:31:44.188923,1478
e8073817d5d269a4,https://ni.linkedin.com/jobs/view/senior-flask%2Breact-fullstack-developer-remote-latin-america-at-bluelight-4455219306,"Senior Flask+React Fullstack Developer - Remote, Latin America",Bluelight,posted,2026-08-17T09:31:57.072466,1480
18639ea890a93ddf,https://ni.linkedin.com/jobs/view/tecnico-de-mantenimiento-sr-masaya-at-cargill-4450159737,Tecnico de Mantenimiento Sr. - Masaya,Cargill,posted,2026-08-17T09:32:02.109219,58
2804c544f61235f8,https://ni.linkedin.com/jobs/view/senior-accountant-at-veta-virtual-4453029749,Senior Accountant,,scraped,2026-08-17T09:32:12.785865,
97ec3145c89e4700,https://ni.linkedin.com/jobs/view/senior-paid-advertsing-strategist-client-expereince-at-power-digital-marketing-4453501961,"Senior Paid Advertsing Strategist, Client Expereince",Power Digital Marketing,posted,2026-08-17T09:32:28.682051,1482
b70206ff35fa15d1,https://ni.linkedin.com/jobs/view/ejecutivo-de-ventas-zona-viva-at-cbc-4449863439,EJECUTIVO DE VENTAS ZONA VIVA,cbc,posted,2026-08-17T09:32:40.591405,1484
c33574d51705e101,https://ni.linkedin.com/jobs/view/customer-support-representative-remote-at-valatam-4454544566,Customer Support Representative (Remote),Valatam,posted,2026-08-17T09:32:48.419856,1486
66496144cdfb1351,https://ni.linkedin.com/jobs/view/especialista-de-inteligencia-financiera-y-cartera-at-ac-talentos-4453756259,Especialista de Inteligencia Financiera y Cartera,AC Talentos,posted,2026-08-17T09:32:59.559686,1488
f2cbb2e31bbdb03f,https://ni.linkedin.com/jobs/view/ejecutivo-de-atencion-digital-al-cliente-at-grupo-q-4454522793,Ejecutivo de Atencion Digital al Cliente,,scraped,2026-08-17T09:33:02.235306,
9508e80972b38b64,https://ni.linkedin.com/jobs/view/ejecutivo-de-atencion-digital-al-cliente-at-grupo-q-4454515847,Ejecutivo de Atencion Digital al Cliente,,scraped,2026-08-17T09:33:10.036395,
